,번호,카테고리,제목,등록일,link
0,5835,[장학],2024년 삼성드림클래스 대학생멘토 선발 안내,2023-11-22,https://www.kumoh.ac.kr/ko/sub06_01_01_01.do?mode=view&articleNo=469669&article.offset=0&articleLimit=500
1,5834,[장학],2023년 2학기 동계방학「한국장학재단 취업연계유형 국가근로」참여학생 모집(~11/30까지),2023-11-21,https://www.kumoh.ac.kr/ko/sub06_01_01_01.do?mode=view&articleNo=469627&article.offset=0&articleLimit=500
2,5833,[장학],2024학년도 1학기 국가장학금 신청 안내,2023-11-21,https://www.kumoh.ac.kr/ko/sub06_01_01_01.do?mode=view&articleNo=469584&article.offset=0&articleLimit=500
3,5832,[장학],2023년도 영·호남 상생 유공 장학생 선발 안내,2023-11-15,https://www.kumoh.ac.kr/ko/sub06_01_01_01.do?mode=view&articleNo=469384&article.offset=0&articleLimit=500
4,5831,[학적],[취업진로교육] 2023년 2학기 취업진로교육 대체이수 신청 접수 안내,2023-11-15,https://www.kumoh.ac.kr/ko/sub06_01_01_01.do?mode=view&articleNo=469383&article.offset=0&articleLimit=500
5,5830,[장학],2023년도 하반기 강화군 대학생 등록금 지원사업 안내,2023-11-14,https://www.kumoh.ac.kr/ko/sub06_01_01_01.do?mode=view&articleNo=469304&article.offset=0&articleLimit=500
6,5829,[장학],[근로]2024학년도 1학기 1차 국가근로장학금 학생신청 안내[2023.11.22.(수)~12.27.(수)],2023-11-14,https://www.kumoh.ac.kr/ko/sub06_01_01_01.do?mode=view&articleNo=469285&article.offset=0&articleLimit=500
7,5828,[장학],[장학] 2024-1학기 교내 성적장학생 선발관련 외국어성적표 제출안내(기한엄수),2023-11-14,https://www.kumoh.ac.kr/ko/sub06_01_01_01.do?mode=view&articleNo=469225&article.offset=0&articleLimit=500
8,5827,,현직 개발자가 강의하는 2023 제2차 UR로봇 교육 과정 강좌 운영 안내,2023-11-13,https://www.kumoh.ac.kr/ko/sub06_01_01_01.do?mode=view&articleNo=469183&article.offset=0&articleLimit=500
9,5826,[장학],2023학년도 국가근로장학금 동계방학 (교외)집중근로 희망근로지 신청 안내,2023-11-13,https://www.kumoh.ac.kr/ko/sub06_01_01_01.do?mode=view&articleNo=469143&article.offset=0&articleLimit=500
10,5825,[수업],"2023학년도 겨울 계절수업 다른대학(강릉원주대, 계명대(변경), 공주대,한경국립대) 수학신청 안내",2023-11-10,https://www.kumoh.ac.kr/ko/sub06_01_01_01.do?mode=view&articleNo=469101&article.offset=0&articleLimit=500
11,5824,[대학원],[장학] 대학원 장학 관련 안내는 금오톡톡 알림(문자는 미발송)-금오톡톡 설치 필수,2023-11-09,https://www.kumoh.ac.kr/ko/sub06_01_01_01.do?mode=view&articleNo=468977&article.offset=0&articleLimit=500
12,5823,[수업],[참여] KIT수요포럼 개최에 따른 학생 참여 안내(주제:비교과 졸업자격인증제 개편 관련),2023-11-07,https://www.kumoh.ac.kr/ko/sub06_01_01_01.do?mode=view&articleNo=468876&article.offset=0&articleLimit=500
13,5822,[장학],2023년도 통영시 저소득 대학생 장학금 지원대상자 선발 안내,2023-11-06,https://www.kumoh.ac.kr/ko/sub06_01_01_01.do?mode=view&articleNo=468759&article.offset=0&articleLimit=500
14,5821,[장학],2024년 아산사회복지재단 북한이탈청소년장학생 선발 안내,2023-11-06,https://www.kumoh.ac.kr/ko/sub06_01_01_01.do?mode=view&articleNo=468758&article.offset=0&articleLimit=500
15,5820,[대학원],도서관 Clarivate 온라인 이용교육 일정 안내(11월),2023-11-06,https://www.kumoh.ac.kr/ko/sub06_01_01_01.do?mode=view&articleNo=468743&article.offset=0&articleLimit=500
16,5819,[수업],대구·경북권 국립대학 공동교육과정 및 비교과프로그램 개발·운영을 위한 설문조사,2023-11-03,https://www.kumoh.ac.kr/ko/sub06_01_01_01.do?mode=view&articleNo=466969&article.offset=0&articleLimit=500
17,5818,,[모집마감]K7U-Belt 창업 아이디어 경진대회 개최,2023-11-03,https://www.kumoh.ac.kr/ko/sub06_01_01_01.do?mode=view&articleNo=466923&article.offset=0&articleLimit=500
18,5817,[성적],2023학년도 2학기 해외어학연수 학점인정 신청 안내,2023-11-03,https://www.kumoh.ac.kr/ko/sub06_01_01_01.do?mode=view&articleNo=466908&article.offset=0&articleLimit=500
19,5816,[학적],2023-2학기 공학교육인증 변경 신청 안내,2023-11-01,https://www.kumoh.ac.kr/ko/sub06_01_01_01.do?mode=view&articleNo=466705&article.offset=0&articleLimit=500
20,5815,[학적],2024학년도 전과 및 전공변경 신청 안내,2023-11-01,https://www.kumoh.ac.kr/ko/sub06_01_01_01.do?mode=view&articleNo=466671&article.offset=0&articleLimit=500
21,5814,[학적],2023학년도 2학기 추가이수과정(복수·부·연계·융합전공) 이수 포기(변경) 신청 안내,2023-11-01,https://www.kumoh.ac.kr/ko/sub06_01_01_01.do?mode=view&articleNo=466667&article.offset=0&articleLimit=500
22,5813,[대학원],"2024학년도 전기 대학원별(일반, 산업, 교육 및 컨설팅) 신입생 모집 및 원서접수 안내",2023-10-31,https://www.kumoh.ac.kr/ko/sub06_01_01_01.do?mode=view&articleNo=466547&article.offset=0&articleLimit=500
23,5812,[수업],2023학년도 2학기 원격수업 강의평가(1차) 재연장 안내,2023-10-31,https://www.kumoh.ac.kr/ko/sub06_01_01_01.do?mode=view&articleNo=466538&article.offset=0&articleLimit=500
24,5811,[대학원],2024 Spring Semester Graduate School Admission Guidelines for International Students,2023-10-31,https://www.kumoh.ac.kr/ko/sub06_01_01_01.do?mode=view&articleNo=466528&article.offset=0&articleLimit=500
25,5810,[장학],2024년도 전기공사공제조합장학회 제19기 장학생 선발,2023-10-27,https://www.kumoh.ac.kr/ko/sub06_01_01_01.do?mode=view&articleNo=466378&article.offset=0&articleLimit=500
26,5809,[수업],"2023학년도 겨울 계절수업 다른대학(한국해양대,경북대,숙명여대) 수학신청 안내",2023-10-26,https://www.kumoh.ac.kr/ko/sub06_01_01_01.do?mode=view&articleNo=466313&article.offset=0&articleLimit=500
27,5808,[수업],"2023학년도 겨울 계절수업 다른대학(안동대,대구대,한양대,군산대) 수학신청 안내(제출기한변경)",2023-10-23,https://www.kumoh.ac.kr/ko/sub06_01_01_01.do?mode=view&articleNo=466024&article.offset=0&articleLimit=500
28,5807,[장학],2023학년도 총동창회 장학생 선발 공고,2023-10-20,https://www.kumoh.ac.kr/ko/sub06_01_01_01.do?mode=view&articleNo=465902&article.offset=0&articleLimit=500
29,5806,[수업],"2023학년도 겨울 계절수업 다른대학(순천대,부경대,제주대,한국교원대) 수학신청 안내(제출기한변경)",2023-10-19,https://www.kumoh.ac.kr/ko/sub06_01_01_01.do?mode=view&articleNo=465807&article.offset=0&articleLimit=500
30,5805,[장학],(재)수림재단 제10회 동교인재상 선발 안내,2023-10-19,https://www.kumoh.ac.kr/ko/sub06_01_01_01.do?mode=view&articleNo=465791&article.offset=0&articleLimit=500
31,5804,[장학],[근로]2023년 2학기 국가근로장학금 추가신청기간 안내[11.1.(수)~10.(금)],2023-10-19,https://www.kumoh.ac.kr/ko/sub06_01_01_01.do?mode=view&articleNo=465790&article.offset=0&articleLimit=500
32,5803,[대학원],[2023년도 국립대학 육성사업] 대학원생 학술활동 참가비 추가 지원 안내,2023-10-18,https://www.kumoh.ac.kr/ko/sub06_01_01_01.do?mode=view&articleNo=465757&article.offset=0&articleLimit=500
33,5802,[대학원],2023학년도 전기 대학원별 학위논문심사 신청 안내,2023-10-18,https://www.kumoh.ac.kr/ko/sub06_01_01_01.do?mode=view&articleNo=465693&article.offset=0&articleLimit=500
34,5801,[수업],2023학년도 겨울 계절학기 자율도전학점제(자기주도형 활동) 참여자 모집,2023-10-18,https://www.kumoh.ac.kr/ko/sub06_01_01_01.do?mode=view&articleNo=465674&article.offset=0&articleLimit=500
35,5800,[대학원],2023-2학기 대학원별 졸업종합시험 결과 발표,2023-10-17,https://www.kumoh.ac.kr/ko/sub06_01_01_01.do?mode=view&articleNo=465655&article.offset=0&articleLimit=500
36,5799,[대학원],2023-2학기 대학원별 외국어시험 면제 신청 승인 결과 확인 안내,2023-10-17,https://www.kumoh.ac.kr/ko/sub06_01_01_01.do?mode=view&articleNo=465570&article.offset=0&articleLimit=500
37,5798,[대학원],2023-2학기 대학원별 원격수업 운영 강좌 강의평가(1차) 시행 안내,2023-10-17,https://www.kumoh.ac.kr/ko/sub06_01_01_01.do?mode=view&articleNo=465564&article.offset=0&articleLimit=500
38,5797,[장학],2023년 대구광역시 저소득주민 장학생 선발계획 안내,2023-10-16,https://www.kumoh.ac.kr/ko/sub06_01_01_01.do?mode=view&articleNo=465468&article.offset=0&articleLimit=500
39,5796,[수업],2023학년도 2학기 원격수업 강의평가(1차) 실시 안내,2023-10-16,https://www.kumoh.ac.kr/ko/sub06_01_01_01.do?mode=view&articleNo=465458&article.offset=0&articleLimit=500
40,5795,[수업],2023학년도 겨울 계절수업 운영알림(수강신청 11.20-11.21),2023-10-13,https://www.kumoh.ac.kr/ko/sub06_01_01_01.do?mode=view&articleNo=465405&article.offset=0&articleLimit=500
41,5794,[수업],2023년도 겨울계절수업  개설희망 과목 학생수요조사 실시 안내,2023-10-12,https://www.kumoh.ac.kr/ko/sub06_01_01_01.do?mode=view&articleNo=465239&article.offset=0&articleLimit=500
42,5793,[수업],"2023학년도 겨울 계절수업 다른대학(충북대,서울대,창원대,충남대) 수학신청 안내",2023-10-12,https://www.kumoh.ac.kr/ko/sub06_01_01_01.do?mode=view&articleNo=465231&article.offset=0&articleLimit=500
43,5792,[수업],[11/3(금)] 2023-2학기 졸업전공시험 실시 안내,2023-10-11,https://www.kumoh.ac.kr/ko/sub06_01_01_01.do?mode=view&articleNo=465174&article.offset=0&articleLimit=500
44,5791,[수업],2023-2학기 출석미달(주의) 대상자 알림,2023-10-11,https://www.kumoh.ac.kr/ko/sub06_01_01_01.do?mode=view&articleNo=465135&article.offset=0&articleLimit=500
45,5790,[장학],2023년 하반기 울산연구원 장학생 선발 공고 안내,2023-10-10,https://www.kumoh.ac.kr/ko/sub06_01_01_01.do?mode=view&articleNo=465049&article.offset=0&articleLimit=500
46,5789,[수업],2023학년도 2학기 취업진로교육 졸업의무과정 시행 안내,2023-10-10,https://www.kumoh.ac.kr/ko/sub06_01_01_01.do?mode=view&articleNo=464980&article.offset=0&articleLimit=500
47,5788,,[근로][마감] 2023-2학기 프랭크버거(생협) 근로장학생(조리보조) 추가모집,2023-10-05,https://www.kumoh.ac.kr/ko/sub06_01_01_01.do?mode=view&articleNo=464673&article.offset=0&articleLimit=500
48,5787,,[근로][마감] 2023-2학기 분식당(생협) 근로장학생(식기세척) 추가모집,2023-10-05,https://www.kumoh.ac.kr/ko/sub06_01_01_01.do?mode=view&articleNo=464670&article.offset=0&articleLimit=500
49,5786,[대학원],[2023년도 국립대학 육성사업] 대학원생 학술활동 참가비 지원 마감 안내(재원 소진),2023-10-04,https://www.kumoh.ac.kr/ko/sub06_01_01_01.do?mode=view&articleNo=464514&article.offset=0&articleLimit=500
50,5785,[대학원],도서관 DBpia 이용교육 안내(10월),2023-10-04,https://www.kumoh.ac.kr/ko/sub06_01_01_01.do?mode=view&articleNo=464419&article.offset=0&articleLimit=500
51,5784,[대학원],도서관 KSDC DB 이용교육 안내(10월),2023-10-04,https://www.kumoh.ac.kr/ko/sub06_01_01_01.do?mode=view&articleNo=464409&article.offset=0&articleLimit=500
52,5783,[대학원],2023-2학기 대학원별 지도교수 배정 신청 안내,2023-09-27,https://www.kumoh.ac.kr/ko/sub06_01_01_01.do?mode=view&articleNo=464297&article.offset=0&articleLimit=500
53,5782,[장학],[마감]2023학년도 2학기 푸름관 식당 자체 근로장학생(식기세척) 추가 모집,2023-09-25,https://www.kumoh.ac.kr/ko/sub06_01_01_01.do?mode=view&articleNo=464088&article.offset=0&articleLimit=500
54,5781,[장학],통영시 대학생 등록금 전액 지원사업 안내,2023-09-25,https://www.kumoh.ac.kr/ko/sub06_01_01_01.do?mode=view&articleNo=464083&article.offset=0&articleLimit=500
55,5780,[대학원],2023-2학기 대학원별 졸업종합시험 일시 및 장소 안내,2023-09-22,https://www.kumoh.ac.kr/ko/sub06_01_01_01.do?mode=view&articleNo=463963&article.offset=0&articleLimit=500
56,5779,[대학원],2023-2학기 대학원별 외국어시험 면제 신청 안내,2023-09-22,https://www.kumoh.ac.kr/ko/sub06_01_01_01.do?mode=view&articleNo=463933&article.offset=0&articleLimit=500
57,5778,[대학원],2023-2학기 대학원별 성적취소 신청 안내,2023-09-22,https://www.kumoh.ac.kr/ko/sub06_01_01_01.do?mode=view&articleNo=463926&article.offset=0&articleLimit=500
58,5777,[등록],2023학년도 2학기 등록금 분할납부 2차분 등록기간 안내,2023-09-21,https://www.kumoh.ac.kr/ko/sub06_01_01_01.do?mode=view&articleNo=463880&article.offset=0&articleLimit=500
59,5776,[등록],2023학년도 2학기 등록금 납부 안내(최종: 2023.9.25.~26.),2023-09-21,https://www.kumoh.ac.kr/ko/sub06_01_01_01.do?mode=view&articleNo=463875&article.offset=0&articleLimit=500
60,5775,[학적],2023학년도 2학기 성적취소 신청 안내,2023-09-21,https://www.kumoh.ac.kr/ko/sub06_01_01_01.do?mode=view&articleNo=463766&article.offset=0&articleLimit=500
61,5774,[장학],2023년 2학기 안산시 대학생 본인부담 등록금 반값지원 안내,2023-09-18,https://www.kumoh.ac.kr/ko/sub06_01_01_01.do?mode=view&articleNo=463404&article.offset=0&articleLimit=500
62,5773,[등록],2023학년도 2학기 등록금 납부 안내(최종),2023-09-15,https://www.kumoh.ac.kr/ko/sub06_01_01_01.do?mode=view&articleNo=463290&article.offset=0&articleLimit=500
63,5772,[장학],2023년 2학기 「한국장학재단 취업연계유형 국가근로」  ㈜ 에스테크원 참여학생 모집,2023-09-15,https://www.kumoh.ac.kr/ko/sub06_01_01_01.do?mode=view&articleNo=463211&article.offset=0&articleLimit=500
64,5771,[장학],2023년 고속도로 장학생 선발 안내,2023-09-14,https://www.kumoh.ac.kr/ko/sub06_01_01_01.do?mode=view&articleNo=463011&article.offset=0&articleLimit=500
65,5770,,2023 글로컬마케터 전문가 양성  프로그램 지원자 모집  ,2023-09-13,https://www.kumoh.ac.kr/ko/sub06_01_01_01.do?mode=view&articleNo=462931&article.offset=0&articleLimit=500
66,5769,[대학원],[장학] 대학원생 장학금 지급 계좌 등록 방법 안내,2023-09-12,https://www.kumoh.ac.kr/ko/sub06_01_01_01.do?mode=view&articleNo=462752&article.offset=0&articleLimit=500
67,5768,[등록],2023학년도 2학기 등록금 납부 안내(추가3차),2023-09-08,https://www.kumoh.ac.kr/ko/sub06_01_01_01.do?mode=view&articleNo=462303&article.offset=0&articleLimit=500
68,5767,[성적],[10/4-10/6] 2023-2학기 군복무 중 취득학점 인정 신청 안내,2023-09-08,https://www.kumoh.ac.kr/ko/sub06_01_01_01.do?mode=view&articleNo=462248&article.offset=0&articleLimit=500
69,5766,[장학],2023-2학기 중소기업 취업연계 장학사업(희망사다리 I유형) 신규장학생 신청 안내,2023-09-08,https://www.kumoh.ac.kr/ko/sub06_01_01_01.do?mode=view&articleNo=462166&article.offset=0&articleLimit=500
70,5765,[장학],2023-2학기 고졸 후학습자 장학사업(희망사다리 II유형) 신규장학생 신청 안내(신청기간 연장),2023-09-08,https://www.kumoh.ac.kr/ko/sub06_01_01_01.do?mode=view&articleNo=462159&article.offset=0&articleLimit=500
71,5764,[대학원],2023학년도 2학기 전자저널 및 온라인 학술DB 이용안내,2023-09-07,https://www.kumoh.ac.kr/ko/sub06_01_01_01.do?mode=view&articleNo=462115&article.offset=0&articleLimit=500
72,5763,[등록],2023-2학기 의사순회진료 실시 안내,2023-09-07,https://www.kumoh.ac.kr/ko/sub06_01_01_01.do?mode=view&articleNo=462058&article.offset=0&articleLimit=500
73,5762,[등록],'생명 나눔 사랑의 헌혈' 실시 안내,2023-09-07,https://www.kumoh.ac.kr/ko/sub06_01_01_01.do?mode=view&articleNo=462043&article.offset=0&articleLimit=500
74,5761,[대학원],2023-2학기 대학원별 전적대학원 학점인정 신청 안내,2023-09-07,https://www.kumoh.ac.kr/ko/sub06_01_01_01.do?mode=view&articleNo=462025&article.offset=0&articleLimit=500
75,5760,[장학],2023년도 (재)광산장학회 장학생 선발 공고 안내,2023-09-07,https://www.kumoh.ac.kr/ko/sub06_01_01_01.do?mode=view&articleNo=462020&article.offset=0&articleLimit=500
76,5759,[장학],춘천시민장학재단 2023년도 하반기 장학생 선발 안내,2023-09-07,https://www.kumoh.ac.kr/ko/sub06_01_01_01.do?mode=view&articleNo=462008&article.offset=0&articleLimit=500
77,5758,[대학원],2023-2학기 일반대학원 박사과정 학생 석사 초과이수학점 인정 신청 안내,2023-09-06,https://www.kumoh.ac.kr/ko/sub06_01_01_01.do?mode=view&articleNo=461953&article.offset=0&articleLimit=500
78,5757,[수업],2023-2학기 전자출결시스템 앱설치 안내,2023-09-06,https://www.kumoh.ac.kr/ko/sub06_01_01_01.do?mode=view&articleNo=461854&article.offset=0&articleLimit=500
79,5756,[수업],"10/2(월,임시공휴일) 휴강 및 국가공휴일 휴강에 따른 보강일(공휴일지정보강기간) 안내",2023-09-05,https://www.kumoh.ac.kr/ko/sub06_01_01_01.do?mode=view&articleNo=461678&article.offset=0&articleLimit=500
80,5755,[대학원],2023-2학기 대학원별 외국어시험 결과 발표 안내,2023-09-05,https://www.kumoh.ac.kr/ko/sub06_01_01_01.do?mode=view&articleNo=461647&article.offset=0&articleLimit=500
81,5754,[학적],2023학년도 전기(2024년 2월) 졸업예정자 졸업사정 내역 열람 안내,2023-09-04,https://www.kumoh.ac.kr/ko/sub06_01_01_01.do?mode=view&articleNo=461551&article.offset=0&articleLimit=500
82,5753,[대학원],2023-2학기 대학원별 학위논문연구계획서 제출 안내,2023-09-04,https://www.kumoh.ac.kr/ko/sub06_01_01_01.do?mode=view&articleNo=461498&article.offset=0&articleLimit=500
83,5752,[장학],2023년 2학기 푸른등대 KB Dream Wave 2030 인재양성 유망분야 기부장학금 신규장학생 선발 안내,2023-09-04,https://www.kumoh.ac.kr/ko/sub06_01_01_01.do?mode=view&articleNo=461393&article.offset=0&articleLimit=500
84,5751,[등록],2023학년도 2학기 등록금 납부 안내(추가2차),2023-09-01,https://www.kumoh.ac.kr/ko/sub06_01_01_01.do?mode=view&articleNo=461285&article.offset=0&articleLimit=500
85,5750,[수업],원스톱서비스-수강신청변경 및 정정 전산 알림,2023-09-01,https://www.kumoh.ac.kr/ko/sub06_01_01_01.do?mode=view&articleNo=461189&article.offset=0&articleLimit=500
86,5749,[대학원],2023-2학기 대학원별 졸업종합시험 신청 안내,2023-09-01,https://www.kumoh.ac.kr/ko/sub06_01_01_01.do?mode=view&articleNo=461161&article.offset=0&articleLimit=500
87,5748,[장학],(재)포항시장학회 2023년도 대학교 장학생 선발 안내,2023-08-31,https://www.kumoh.ac.kr/ko/sub06_01_01_01.do?mode=view&articleNo=461136&article.offset=0&articleLimit=500
88,5747,[장학],2023년 2학기「한국장학재단 취업연계유형 국가근로」선발학생 안내,2023-08-31,https://www.kumoh.ac.kr/ko/sub06_01_01_01.do?mode=view&articleNo=461117&article.offset=0&articleLimit=500
89,5746,[대학원],"2023학년도 2학기 대학원(일반, 산업, 교육 및 컨설팅) 수강신청 확인 및 변경기간 안내",2023-08-31,https://www.kumoh.ac.kr/ko/sub06_01_01_01.do?mode=view&articleNo=461009&article.offset=0&articleLimit=500
90,5745,[수업],"2023-2 폐강, 합반 및 분반 과목 안내 및 수강정정 신청 안내",2023-08-31,https://www.kumoh.ac.kr/ko/sub06_01_01_01.do?mode=view&articleNo=460968&article.offset=0&articleLimit=500
91,5744,,금오공과대학교 학칙 일부 개정(안)에 대한 의견조회,2023-08-31,https://www.kumoh.ac.kr/ko/sub06_01_01_01.do?mode=view&articleNo=460946&article.offset=0&articleLimit=500
92,5743,[장학],[대구지방보훈청] 2023학년도 2학기 보훈(가족) 장학 안내,2023-08-30,https://www.kumoh.ac.kr/ko/sub06_01_01_01.do?mode=view&articleNo=460898&article.offset=0&articleLimit=500
93,5742,[수업],2023-2학기 원어민 프리토킹 및 영작 첨삭지도 무료 수업 이용 안내,2023-08-30,https://www.kumoh.ac.kr/ko/sub06_01_01_01.do?mode=view&articleNo=460890&article.offset=0&articleLimit=500
94,5741,[대학원],2023-2학기 대학원(일반 및 컨설팅) 외국어시험 장소 안내,2023-08-30,https://www.kumoh.ac.kr/ko/sub06_01_01_01.do?mode=view&articleNo=460862&article.offset=0&articleLimit=500
95,5740,[장학],[(재)달서인재육성장학재단] 2023년도 하반기 장학생 선발 안내,2023-08-29,https://www.kumoh.ac.kr/ko/sub06_01_01_01.do?mode=view&articleNo=460769&article.offset=0&articleLimit=500
96,5739,[장학],[(재)인천인재평생교육진흥원] 2023년도 하반기 장학생 선발 안내,2023-08-29,https://www.kumoh.ac.kr/ko/sub06_01_01_01.do?mode=view&articleNo=460667&article.offset=0&articleLimit=500
97,5738,[학적],2024학년도 전기 학부 외국인 신편입학 특별전형 모집 안내,2023-08-28,https://www.kumoh.ac.kr/ko/sub06_01_01_01.do?mode=view&articleNo=460541&article.offset=0&articleLimit=500
98,5737,[대학원],도서관 논문작성법 온라인 이용교육 안내(9월),2023-08-28,https://www.kumoh.ac.kr/ko/sub06_01_01_01.do?mode=view&articleNo=460445&article.offset=0&articleLimit=500
99,5736,[장학],2023-2학기 학기 중 근로장학생 선발 확정 알림,2023-08-25,https://www.kumoh.ac.kr/ko/sub06_01_01_01.do?mode=view&articleNo=460171&article.offset=0&articleLimit=500
100,5735,[장학],2023년 2학기 「한국장학재단 취업연계유형 국가근로」 참여학생 모집(~8/30까지),2023-08-25,https://www.kumoh.ac.kr/ko/sub06_01_01_01.do?mode=view&articleNo=460164&article.offset=0&articleLimit=500
101,5734,,2023-2학기 KIT 서로도움 공동체 프로그램 안내,2023-08-25,https://www.kumoh.ac.kr/ko/sub06_01_01_01.do?mode=view&articleNo=460093&article.offset=0&articleLimit=500
102,5733,,2023-2학기 Teaching Assistant(TA) 멘토링 프로그램 안내,2023-08-25,https://www.kumoh.ac.kr/ko/sub06_01_01_01.do?mode=view&articleNo=460014&article.offset=0&articleLimit=500
103,5732,[등록],2023학년도 2학기 등록금 납부 안내(추가),2023-08-24,https://www.kumoh.ac.kr/ko/sub06_01_01_01.do?mode=view&articleNo=459973&article.offset=0&articleLimit=500
104,5731,,2023-2학기 연구실 레지던트 프로그램 안내,2023-08-24,https://www.kumoh.ac.kr/ko/sub06_01_01_01.do?mode=view&articleNo=459972&article.offset=0&articleLimit=500
105,5730,[수업],2023-2학기 국가공휴일 휴강에 따른 보강일(공휴일지정보강기간) 안내,2023-08-22,https://www.kumoh.ac.kr/ko/sub06_01_01_01.do?mode=view&articleNo=459237&article.offset=0&articleLimit=500
106,5729,[수업],"2023-2학기 수강신청과목 변경, 정정 신청기간 안내",2023-08-22,https://www.kumoh.ac.kr/ko/sub06_01_01_01.do?mode=view&articleNo=459006&article.offset=0&articleLimit=500
107,5728,[대학원],2023학년도 2학기 학부생 일반대학원 교과목 사전이수 신청 안내,2023-08-21,https://www.kumoh.ac.kr/ko/sub06_01_01_01.do?mode=view&articleNo=458947&article.offset=0&articleLimit=500
108,5727,[수업],2023-2학기 다른대학(공주대) 수학신청 안내,2023-08-21,https://www.kumoh.ac.kr/ko/sub06_01_01_01.do?mode=view&articleNo=458681&article.offset=0&articleLimit=500
109,5726,[수업],"DGU 수강신청(21일 11~18시), OCU수강신청(21일 14~18시) 안내",2023-08-18,https://www.kumoh.ac.kr/ko/sub06_01_01_01.do?mode=view&articleNo=458490&article.offset=0&articleLimit=500
110,5725,[수업],2023학년도 2학기 수강꾸러미 확정 안내,2023-08-16,https://www.kumoh.ac.kr/ko/sub06_01_01_01.do?mode=view&articleNo=457884&article.offset=0&articleLimit=500
111,5724,[학적],★ 2023학년도 2학기 휴학/복학 신청(3차) 안내 및 직권제적/휴학연장 관련 안내,2023-08-11,https://www.kumoh.ac.kr/ko/sub06_01_01_01.do?mode=view&articleNo=457290&article.offset=0&articleLimit=500
112,5723,[수업],2023학년도 2학기 수강신청 안내,2023-08-11,https://www.kumoh.ac.kr/ko/sub06_01_01_01.do?mode=view&articleNo=457225&article.offset=0&articleLimit=500
113,5722,[장학],[마감]2023-2학기 푸름관 식당 (자체) 근로장학생  모집(8.14.~8.18.),2023-08-11,https://www.kumoh.ac.kr/ko/sub06_01_01_01.do?mode=view&articleNo=457198&article.offset=0&articleLimit=500
114,5721,[대학원],2023-2학기 대학원별 외국어시험 시행 안내,2023-08-09,https://www.kumoh.ac.kr/ko/sub06_01_01_01.do?mode=view&articleNo=456802&article.offset=0&articleLimit=500
115,5720,[대학원],[장학] 2023학년도 2학기 대학원 스마일장학생 선발 결과 안내,2023-08-09,https://www.kumoh.ac.kr/ko/sub06_01_01_01.do?mode=view&articleNo=456737&article.offset=0&articleLimit=500
116,5719,[수업],[학년별 수강신청] 수강신청 가능여부 확인,2023-08-08,https://www.kumoh.ac.kr/ko/sub06_01_01_01.do?mode=view&articleNo=456519&article.offset=0&articleLimit=500
117,5718,[대학원],"2023학년도 후기 대학원별(일반, 산업, 교육 및 컨설팅) 신입생 학번 조회 안내",2023-08-08,https://www.kumoh.ac.kr/ko/sub06_01_01_01.do?mode=view&articleNo=456518&article.offset=0&articleLimit=500
118,5717,[대학원],2022학년도 후기 대학원별 학위수여식 안내,2023-08-08,https://www.kumoh.ac.kr/ko/sub06_01_01_01.do?mode=view&articleNo=456493&article.offset=0&articleLimit=500
119,5716,[장학],[근로] 2023년 2학기 국가근로장학금 2차 신청기간 안내[8.17.(목)~9.14.(목)],2023-08-07,https://www.kumoh.ac.kr/ko/sub06_01_01_01.do?mode=view&articleNo=456468&article.offset=0&articleLimit=500
120,5715,[수업],2023학년도 2학기 수강지도 상담 안내,2023-08-07,https://www.kumoh.ac.kr/ko/sub06_01_01_01.do?mode=view&articleNo=456421&article.offset=0&articleLimit=500
121,5714,[장학],[근로] 2023-2학기 학기 중 부서별 근로장학생 모집 알림[8. 8. ~  8. 18.](신청기간연장),2023-08-07,https://www.kumoh.ac.kr/ko/sub06_01_01_01.do?mode=view&articleNo=456277&article.offset=0&articleLimit=500
122,5713,[학적],2022학년도 후기(2023년 8월 졸업) 학위수여식 안내,2023-08-03,https://www.kumoh.ac.kr/ko/sub06_01_01_01.do?mode=view&articleNo=455994&article.offset=0&articleLimit=500
123,5712,[학적],2023학년도 후기 시간제등록생 모집 공고,2023-08-03,https://www.kumoh.ac.kr/ko/sub06_01_01_01.do?mode=view&articleNo=455984&article.offset=0&articleLimit=500
124,5711,[수업],[학부] 2023-2학기 장애학생 우선 수강신청 안내,2023-08-02,https://www.kumoh.ac.kr/ko/sub06_01_01_01.do?mode=view&articleNo=455869&article.offset=0&articleLimit=500
125,5710,[학적],2022학년도 후기(2023년 8월) 졸업예정자 졸업사정 내역 열람 안내,2023-08-01,https://www.kumoh.ac.kr/ko/sub06_01_01_01.do?mode=view&articleNo=455382&article.offset=0&articleLimit=500
126,5709,[대학원],2023-2학기 특수대학원 무논문석사과정 신청 및 논문-무논문 상호변경 신청 안내,2023-07-31,https://www.kumoh.ac.kr/ko/sub06_01_01_01.do?mode=view&articleNo=455370&article.offset=0&articleLimit=500
127,5708,[대학원],2023-2학기 일반대학원 석사(석박사통합)과정 수업연한 단축 신청 안내,2023-07-31,https://www.kumoh.ac.kr/ko/sub06_01_01_01.do?mode=view&articleNo=455327&article.offset=0&articleLimit=500
128,5707,[대학원],2023-2학기 대학원별 주요 학사일정 안내,2023-07-31,https://www.kumoh.ac.kr/ko/sub06_01_01_01.do?mode=view&articleNo=455321&article.offset=0&articleLimit=500
129,5706,[수업],2023-2학기 사회봉사 교과목 학점취득을 위한 봉사활동 실시 및 관련 서류 제출 안내,2023-07-27,https://www.kumoh.ac.kr/ko/sub06_01_01_01.do?mode=view&articleNo=454711&article.offset=0&articleLimit=500
130,5705,[수업],2023-2학기 조기취업자 출석인정신청서 제출 안내 ,2023-07-27,https://www.kumoh.ac.kr/ko/sub06_01_01_01.do?mode=view&articleNo=454677&article.offset=0&articleLimit=500
131,5704,[수업],2023-2학기 OCU(열린사이버대학교) 학점교류 수강 안내 (8/21 14시 ~18시),2023-07-27,https://www.kumoh.ac.kr/ko/sub06_01_01_01.do?mode=view&articleNo=454460&article.offset=0&articleLimit=500
132,5703,[수업],2023-2학기 DGU(대구·경북권역 대학원격수업)학점교류 수강 안내(8/21 11시~ 18시),2023-07-27,https://www.kumoh.ac.kr/ko/sub06_01_01_01.do?mode=view&articleNo=454449&article.offset=0&articleLimit=500
133,5702,[수업],2023학년도 2학기 수강꾸러미 대상 강좌(교양심화) 변경에 따른 조치 안내,2023-07-26,https://www.kumoh.ac.kr/ko/sub06_01_01_01.do?mode=view&articleNo=454387&article.offset=0&articleLimit=500
134,5701,[학적],★ 2023학년도 2학기 휴학/복학 신청(2차) 안내 및 직권제적/휴학연장 관련 안내,2023-07-25,https://www.kumoh.ac.kr/ko/sub06_01_01_01.do?mode=view&articleNo=454107&article.offset=0&articleLimit=500
135,5700,[장학],2023년 1학기 하계방학「한국장학재단 취업연계유형 국가근로」㈜구미텍 참여학생 모집(~7/28까지),2023-07-25,https://www.kumoh.ac.kr/ko/sub06_01_01_01.do?mode=view&articleNo=454106&article.offset=0&articleLimit=500
136,5699,[대학원],"2023학년도 2학기 대학원(일반, 산업, 교육 및 컨설팅) 수강신청 안내",2023-07-25,https://www.kumoh.ac.kr/ko/sub06_01_01_01.do?mode=view&articleNo=454058&article.offset=0&articleLimit=500
137,5698,[대학원],2023-1학기 대학원별 외국어시험 면제 신청 승인 결과 확인 안내,2023-07-24,https://www.kumoh.ac.kr/ko/sub06_01_01_01.do?mode=view&articleNo=453751&article.offset=0&articleLimit=500
138,5697,[대학원],2023-2학기 대학원별 수료자등록 신청 안내,2023-07-24,https://www.kumoh.ac.kr/ko/sub06_01_01_01.do?mode=view&articleNo=453703&article.offset=0&articleLimit=500
139,5696,[수업],[학부] 2023학년 2학기 학제간공유형 교육과정 교과 안내,2023-07-24,https://www.kumoh.ac.kr/ko/sub06_01_01_01.do?mode=view&articleNo=453615&article.offset=0&articleLimit=500
140,5695,[수업],"2023-2학기 다른대학(숙명여대,강릉원주대) 수학신청 안내",2023-07-21,https://www.kumoh.ac.kr/ko/sub06_01_01_01.do?mode=view&articleNo=453479&article.offset=0&articleLimit=500
141,5694,[수업],2023학년도 2학기 수강꾸러미 수강신청 안내,2023-07-19,https://www.kumoh.ac.kr/ko/sub06_01_01_01.do?mode=view&articleNo=452915&article.offset=0&articleLimit=500
142,5693,[수업],"2023-2학기 다른대학(한경국립대,한국교원대,한동대,군산대) 수학신청 안내",2023-07-19,https://www.kumoh.ac.kr/ko/sub06_01_01_01.do?mode=view&articleNo=452863&article.offset=0&articleLimit=500
143,5692,[장학],2023년 2학기 삼성드림클래스 대학생멘토 선발 안내,2023-07-19,https://www.kumoh.ac.kr/ko/sub06_01_01_01.do?mode=view&articleNo=452763&article.offset=0&articleLimit=500
144,5691,[대학원],2023학년도 2학기 대학원 휴복학 신청 안내,2023-07-17,https://www.kumoh.ac.kr/ko/sub06_01_01_01.do?mode=view&articleNo=452285&article.offset=0&articleLimit=500
145,5690,[등록],[교외대회]제 2회 KOVA 캡스톤디자인 경진대회 안내,2023-07-17,https://www.kumoh.ac.kr/ko/sub06_01_01_01.do?mode=view&articleNo=452274&article.offset=0&articleLimit=500
146,5689,[수업],"2023-2학기 다른대학(한국해양대, 한밭대,충북대,계명대) 수학신청 안내",2023-07-17,https://www.kumoh.ac.kr/ko/sub06_01_01_01.do?mode=view&articleNo=452270&article.offset=0&articleLimit=500
147,5688,[장학],2023년 서울희망 대학 진로 장학금 장학생 선발 안내,2023-07-17,https://www.kumoh.ac.kr/ko/sub06_01_01_01.do?mode=view&articleNo=452267&article.offset=0&articleLimit=500
148,5687,[장학],2023년 정읍시민장학재단 장학생 선발계획 안내,2023-07-17,https://www.kumoh.ac.kr/ko/sub06_01_01_01.do?mode=view&articleNo=452257&article.offset=0&articleLimit=500
149,5686,[등록],2023학년도 2학기 재학생 등록금 납부 안내,2023-07-17,https://www.kumoh.ac.kr/ko/sub06_01_01_01.do?mode=view&articleNo=452096&article.offset=0&articleLimit=500
150,5685,[대학원],2022학년도 후기 대학원별 학위수여(수료)예정자 성적취소 신청 안내,2023-07-14,https://www.kumoh.ac.kr/ko/sub06_01_01_01.do?mode=view&articleNo=451937&article.offset=0&articleLimit=500
151,5684,[수업],2023학년도 2학기 마이크로디그리 이수 신청 안내,2023-07-13,https://www.kumoh.ac.kr/ko/sub06_01_01_01.do?mode=view&articleNo=451748&article.offset=0&articleLimit=500
152,5683,[등록],2023학년도 2학기 등록금 분할납부 신청 안내,2023-07-12,https://www.kumoh.ac.kr/ko/sub06_01_01_01.do?mode=view&articleNo=451442&article.offset=0&articleLimit=500
153,5682,[대학원],"[2023년도 국립대학 육성사업] 대학원생 학술활동 참가비 입금완료는 ""금오톡톡""으로 안내 예정(문자메시지 발송 X, 유선안내 X)",2023-07-11,https://www.kumoh.ac.kr/ko/sub06_01_01_01.do?mode=view&articleNo=451193&article.offset=0&articleLimit=500
154,5681,[대학원],2023학년도 후기 대학원별 합격자 조회 및 고지서 출력,2023-07-11,https://www.kumoh.ac.kr/ko/sub06_01_01_01.do?mode=view&articleNo=450979&article.offset=0&articleLimit=500
155,5680,,(선착순 모집) 2023 「디자인씽킹 교육 & 창업캠프」참여자  모집 ,2023-07-10,https://www.kumoh.ac.kr/ko/sub06_01_01_01.do?mode=view&articleNo=450843&article.offset=0&articleLimit=500
156,5679,[대학원],"[2023년도 국립대학 육성사업] 대학원생 학술활동 참가비 ""추가"" 지원 안내(재원소진시 지원 중단예정)",2023-07-10,https://www.kumoh.ac.kr/ko/sub06_01_01_01.do?mode=view&articleNo=450719&article.offset=0&articleLimit=500
157,5678,[수업],"2023-2학기 다른대학(경북대,제주대,안동대,대구대,부경대) 수학신청 안내",2023-07-07,https://www.kumoh.ac.kr/ko/sub06_01_01_01.do?mode=view&articleNo=450271&article.offset=0&articleLimit=500
158,5677,[대학원],2023-1학기 대학원별 성적 확정 안내,2023-07-07,https://www.kumoh.ac.kr/ko/sub06_01_01_01.do?mode=view&articleNo=450223&article.offset=0&articleLimit=500
159,5676,[대학원],2023-1학기 대학원별 외국어시험 면제 신청 안내,2023-07-06,https://www.kumoh.ac.kr/ko/sub06_01_01_01.do?mode=view&articleNo=449694&article.offset=0&articleLimit=500
160,5675,[수업],"2023-2학기 다른대학(충남대,서울대,한양대,순천대,창원대) 수학신청 안내",2023-07-06,https://www.kumoh.ac.kr/ko/sub06_01_01_01.do?mode=view&articleNo=449684&article.offset=0&articleLimit=500
161,5674,[대학원],[장학] 2023학년도 2학기 대학원 스마일장학생(가계곤란) 선발 계획 안내(추가 설명기재) * 필독,2023-07-06,https://www.kumoh.ac.kr/ko/sub06_01_01_01.do?mode=view&articleNo=449637&article.offset=0&articleLimit=500
162,5673,[수업],2023학년도 2학기 자율도전학점제(자기주도형 활동) 참여자 모집,2023-07-05,https://www.kumoh.ac.kr/ko/sub06_01_01_01.do?mode=view&articleNo=449597&article.offset=0&articleLimit=500
163,5672,[장학],2023-2학기 보훈 및 형제자매장학금 신청안내,2023-07-05,https://www.kumoh.ac.kr/ko/sub06_01_01_01.do?mode=view&articleNo=449509&article.offset=0&articleLimit=500
164,5671,,교내 정보시스템 서비스 전체 일시 단절 안내 ('23. 7. 6. 목요일 20:00 ~ 20:30),2023-07-05,https://www.kumoh.ac.kr/ko/sub06_01_01_01.do?mode=view&articleNo=449434&article.offset=0&articleLimit=500
165,5670,[학적],2023학년도 2학기 부전공 이수신청 안내,2023-07-04,https://www.kumoh.ac.kr/ko/sub06_01_01_01.do?mode=view&articleNo=449168&article.offset=0&articleLimit=500
166,5669,[학적],2022학년도 후기(2023년 8월) 졸업예정자 추가이수과정 이수 포기(변경) 신청 안내,2023-07-04,https://www.kumoh.ac.kr/ko/sub06_01_01_01.do?mode=view&articleNo=449167&article.offset=0&articleLimit=500
167,5668,[장학],2023년 2학기 푸른등대 기부장학사업 신규장학생 선발 안내,2023-07-04,https://www.kumoh.ac.kr/ko/sub06_01_01_01.do?mode=view&articleNo=448962&article.offset=0&articleLimit=500
168,5667,[대학원],[장학] 2023학년도 2학기 대학원 스마일장학생(가계곤란) 선발 계획 안내,2023-07-04,https://www.kumoh.ac.kr/ko/sub06_01_01_01.do?mode=view&articleNo=448927&article.offset=0&articleLimit=500
169,5666,[학적],2023-2학기 재입학 안내,2023-06-30,https://www.kumoh.ac.kr/ko/sub06_01_01_01.do?mode=view&articleNo=448451&article.offset=0&articleLimit=500
170,5665,,[국비지원과정] 취업&실무역량강화를 위한 2D/3D캐드&3D프린터 활용 자격증 취득과정 참여자 모집,2023-06-29,https://www.kumoh.ac.kr/ko/sub06_01_01_01.do?mode=view&articleNo=447878&article.offset=0&articleLimit=500
171,5664,[대학원],2023학년도 후기 대학원별 구술(면접)시험 장소 안내,2023-06-29,https://www.kumoh.ac.kr/ko/sub06_01_01_01.do?mode=view&articleNo=447827&article.offset=0&articleLimit=500
172,5663,[대학원],2022학년도 후기 대학원별 학위논문 완성본 제출 안내,2023-06-27,https://www.kumoh.ac.kr/ko/sub06_01_01_01.do?mode=view&articleNo=447028&article.offset=0&articleLimit=500
173,5662,[장학],2023-2학기 외국어성적우수장학금(기준점수) 신청 안내,2023-06-26,https://www.kumoh.ac.kr/ko/sub06_01_01_01.do?mode=view&articleNo=446661&article.offset=0&articleLimit=500
174,5661,[장학],2023-1학기 외국어성적우수장학금(제출점수) 신청 안내,2023-06-26,https://www.kumoh.ac.kr/ko/sub06_01_01_01.do?mode=view&articleNo=446649&article.offset=0&articleLimit=500
175,5660,[성적],2023-1학기 (학부) 성적열람 및 정정기간 안내(만족도조사 후 조회가능),2023-06-22,https://www.kumoh.ac.kr/ko/sub06_01_01_01.do?mode=view&articleNo=445899&article.offset=0&articleLimit=500
176,5659,[학적],"★2023-2학기 휴학, 복학 신청 안내[1차] / 7.22.(토)-7.23.(일)은 신청불가",2023-06-22,https://www.kumoh.ac.kr/ko/sub06_01_01_01.do?mode=view&articleNo=445525&article.offset=0&articleLimit=500
177,5658,[학적],2023학년도 1학기 졸업자격인증제 수기사정 외국어 영역 인정 신청원 제출 안내,2023-06-21,https://www.kumoh.ac.kr/ko/sub06_01_01_01.do?mode=view&articleNo=445289&article.offset=0&articleLimit=500
178,5657,[수업],2023학년도 1학기 학부(과) 강의평가(최종) 연장 안내,2023-06-21,https://www.kumoh.ac.kr/ko/sub06_01_01_01.do?mode=view&articleNo=445127&article.offset=0&articleLimit=500
179,5656,,[메이커빌리지]  레이저 커팅기 활용 교육_개성 있는 안심 번호 차량 번호판 만들기,2023-06-20,https://www.kumoh.ac.kr/ko/sub06_01_01_01.do?mode=view&articleNo=444944&article.offset=0&articleLimit=500
180,5655,[수업],(6/22부터) 2023-1학기 출결사항 확인방법(전자출결 웹페이지) 안내,2023-06-20,https://www.kumoh.ac.kr/ko/sub06_01_01_01.do?mode=view&articleNo=444929&article.offset=0&articleLimit=500
181,5654,[장학],[근로] 2023-1학기 하계방학 집중근로 프로그램 근로장학생 선발 안내,2023-06-20,https://www.kumoh.ac.kr/ko/sub06_01_01_01.do?mode=view&articleNo=444596&article.offset=0&articleLimit=500
182,5653,[장학],[필독]BISKIT 비교과 마일리지 적용 여부 확인 및 자기주도활동 실적 입력 안내,2023-06-19,https://www.kumoh.ac.kr/ko/sub06_01_01_01.do?mode=view&articleNo=444491&article.offset=0&articleLimit=500
183,5652,,2023 TRIZ (창의적 문제해결 기법 ) Level Ⅰ・Ⅱ 통합 교육생 모집(선착순 선발)_선착순 40명 모집 완료!,2023-06-19,https://www.kumoh.ac.kr/ko/sub06_01_01_01.do?mode=view&articleNo=444406&article.offset=0&articleLimit=500
184,5651,[장학],2023-1학기 방학 중 근로장학생 선발 확정 알림,2023-06-19,https://www.kumoh.ac.kr/ko/sub06_01_01_01.do?mode=view&articleNo=444089&article.offset=0&articleLimit=500
185,5650,[장학],2023년도 재단법인 논산시장학회 장학생 선발 공고,2023-06-16,https://www.kumoh.ac.kr/ko/sub06_01_01_01.do?mode=view&articleNo=443895&article.offset=0&articleLimit=500
186,5649,,2023 창업·발명 아이디어 경진대회 개최 (재공고),2023-06-15,https://www.kumoh.ac.kr/ko/sub06_01_01_01.do?mode=view&articleNo=443364&article.offset=0&articleLimit=500
187,5648,[대학원],2022학년도 후기 대학원별 학위논문 원문파일 온라인 제출 안내,2023-06-15,https://www.kumoh.ac.kr/ko/sub06_01_01_01.do?mode=view&articleNo=443223&article.offset=0&articleLimit=500
188,5647,[장학],2023년 1학기 하계방학「한국장학재단 취업연계유형 국가근로」선발학생 안내,2023-06-15,https://www.kumoh.ac.kr/ko/sub06_01_01_01.do?mode=view&articleNo=443051&article.offset=0&articleLimit=500
189,5646,[장학],2023년 제6회 세종건축문화제 대학생 튜터 모집 안내,2023-06-15,https://www.kumoh.ac.kr/ko/sub06_01_01_01.do?mode=view&articleNo=442969&article.offset=0&articleLimit=500
190,5645,[장학],2023년 2학기 농림축산식품부 대학 장학생 선발 안내,2023-06-13,https://www.kumoh.ac.kr/ko/sub06_01_01_01.do?mode=view&articleNo=442377&article.offset=0&articleLimit=500
191,5644,[대학원],"2023-1학기 대학원별 성적열람, 정정 및 확정기간 안내",2023-06-13,https://www.kumoh.ac.kr/ko/sub06_01_01_01.do?mode=view&articleNo=442358&article.offset=0&articleLimit=500
192,5643,[학적],2022학년도 후기(2023년 8월) 학사학위취득유예(졸업유예) 신청 안내,2023-06-13,https://www.kumoh.ac.kr/ko/sub06_01_01_01.do?mode=view&articleNo=442339&article.offset=0&articleLimit=500
193,5642,[학적],2022학년도 후기(2023년 8월) 조기졸업 신청 안내,2023-06-13,https://www.kumoh.ac.kr/ko/sub06_01_01_01.do?mode=view&articleNo=442338&article.offset=0&articleLimit=500
194,5641,[대학원],2023학년도 후기 대학원 재입학 공고,2023-06-13,https://www.kumoh.ac.kr/ko/sub06_01_01_01.do?mode=view&articleNo=442328&article.offset=0&articleLimit=500
195,5640,[학적],2024학년도 전과 및 전공변경 전출입 심사기준 안내,2023-06-13,https://www.kumoh.ac.kr/ko/sub06_01_01_01.do?mode=view&articleNo=442325&article.offset=0&articleLimit=500
196,5639,[학적],2022학년도 후기(2023년 8월) 졸업예정자 교양 이수구분 변경 신청 안내,2023-06-09,https://www.kumoh.ac.kr/ko/sub06_01_01_01.do?mode=view&articleNo=441353&article.offset=0&articleLimit=500
197,5638,[학적],2022학년도 후기(2023년 8월) 졸업예정자 성적취소 신청 안내,2023-06-09,https://www.kumoh.ac.kr/ko/sub06_01_01_01.do?mode=view&articleNo=441344&article.offset=0&articleLimit=500
198,5637,[수업],금오공과대학교 「자율도전학점제」 운영 계획 안내(2023-2학기 부터 시행 예정),2023-06-09,https://www.kumoh.ac.kr/ko/sub06_01_01_01.do?mode=view&articleNo=441280&article.offset=0&articleLimit=500
199,5636,[장학],2023학년도 푸른등대 NH농협은행 대학생 재능봉사 캠프 멘토(팀) 모집 안내,2023-06-07,https://www.kumoh.ac.kr/ko/sub06_01_01_01.do?mode=view&articleNo=440367&article.offset=0&articleLimit=500
200,5635,[수업],2023 여름 계절수업 조기취업자 출석인정신청서 제출 안내,2023-06-07,https://www.kumoh.ac.kr/ko/sub06_01_01_01.do?mode=view&articleNo=440265&article.offset=0&articleLimit=500
201,5634,[장학],[근로] 2023-1학기 방학 중 부서별 근로장학생 모집 알림[6. 7.(수)10시~6. 12.(월)24시],2023-06-05,https://www.kumoh.ac.kr/ko/sub06_01_01_01.do?mode=view&articleNo=439829&article.offset=0&articleLimit=500
202,5633,[대학원],2022학년도 후기 대학원별 학위논문 표지 및 인준페이지 제출 안내,2023-06-02,https://www.kumoh.ac.kr/ko/sub06_01_01_01.do?mode=view&articleNo=439483&article.offset=0&articleLimit=500
203,5632,[장학],2023년 하계방학「한국장학재단 취업연계유형 국가근로」참여학생 모집(기한수정),2023-06-01,https://www.kumoh.ac.kr/ko/sub06_01_01_01.do?mode=view&articleNo=439133&article.offset=0&articleLimit=500
204,5631,[수업],2023학년도 여름 계절수업 [수강료 납부 후] 수강취소 신청 안내,2023-06-01,https://www.kumoh.ac.kr/ko/sub06_01_01_01.do?mode=view&articleNo=439080&article.offset=0&articleLimit=500
205,5630,[대학원],2023-1학기 대학원별 강의평가(2차) 시행 안내,2023-06-01,https://www.kumoh.ac.kr/ko/sub06_01_01_01.do?mode=view&articleNo=439071&article.offset=0&articleLimit=500
206,5629,[수업],[6/1부터 ] 코로나19 격리 권고 전환으로 인한 공결관련 안내,2023-06-01,https://www.kumoh.ac.kr/ko/sub06_01_01_01.do?mode=view&articleNo=439038&article.offset=0&articleLimit=500
207,5628,[대학원],2023학년도 후기 학석사학위 연계과정 지원자 모집 안내,2023-05-31,https://www.kumoh.ac.kr/ko/sub06_01_01_01.do?mode=view&articleNo=438537&article.offset=0&articleLimit=500
208,5627,[수업],2023학년도 1학기 학부(과) 강의평가(최종) 실시 안내,2023-05-31,https://www.kumoh.ac.kr/ko/sub06_01_01_01.do?mode=view&articleNo=438508&article.offset=0&articleLimit=500
209,5626,[수업],[6/1-6/2]2023학년도 여름 계절수업 수강료 추가납부(2차) 안내,2023-05-30,https://www.kumoh.ac.kr/ko/sub06_01_01_01.do?mode=view&articleNo=438249&article.offset=0&articleLimit=500
210,5625,[대학원],[2023년도 국립대학 육성사업] 대학원생 학술활동 참가비 지원 마감 안내(재원 소진),2023-05-30,https://www.kumoh.ac.kr/ko/sub06_01_01_01.do?mode=view&articleNo=438079&article.offset=0&articleLimit=500
211,5624,[장학],2023년도 제2기 산학협동재단 디딤돌 장학생 선발 안내,2023-05-26,https://www.kumoh.ac.kr/ko/sub06_01_01_01.do?mode=view&articleNo=437860&article.offset=0&articleLimit=500
212,5623,[대학원],[2023년도 국립대학 육성사업] 대학원생 학술활동 참가비 지원 안내(재원소진시 지원 중단예정),2023-05-25,https://www.kumoh.ac.kr/ko/sub06_01_01_01.do?mode=view&articleNo=437462&article.offset=0&articleLimit=500
213,5622,,금오공과대학교 학칙 일부 개정(안)공고,2023-05-25,https://www.kumoh.ac.kr/ko/sub06_01_01_01.do?mode=view&articleNo=437308&article.offset=0&articleLimit=500
214,5621,[장학],[대구사랑의열매] 2023년 소선나눔기금 과학기술분야 대학(원)생 장학금 지원사업 안내,2023-05-24,https://www.kumoh.ac.kr/ko/sub06_01_01_01.do?mode=view&articleNo=437098&article.offset=0&articleLimit=500
215,5620,,2023 창업·발명 아이디어 경진대회 개최 ,2023-05-24,https://www.kumoh.ac.kr/ko/sub06_01_01_01.do?mode=view&articleNo=437047&article.offset=0&articleLimit=500
216,5619,[대학원],[2023년도 국립대학 육성사업] 대학원생 학술활동 참가비 지원 안내,2023-05-23,https://www.kumoh.ac.kr/ko/sub06_01_01_01.do?mode=view&articleNo=436862&article.offset=0&articleLimit=500
217,5618,[장학],2023학년도 국가근로장학금 하계방학 (교외)집중근로 희망근로지 신청 안내,2023-05-23,https://www.kumoh.ac.kr/ko/sub06_01_01_01.do?mode=view&articleNo=436726&article.offset=0&articleLimit=500
218,5617,,[고지서 24일09시부터] 2023학년도 여름 계절수업 수강료 납부 안내(5/25-5/26),2023-05-23,https://www.kumoh.ac.kr/ko/sub06_01_01_01.do?mode=view&articleNo=436677&article.offset=0&articleLimit=500
219,5616,[수업],[5/25-5/26]2023학년도 여름 계절수업 수강료 납부 안내,2023-05-19,https://www.kumoh.ac.kr/ko/sub06_01_01_01.do?mode=view&articleNo=436097&article.offset=0&articleLimit=500
220,5615,[대학원],"2023학년도 후기 대학원별(일반, 산업, 교육 및 컨설팅) 신입생 모집 및 원서접수 안내",2023-05-18,https://www.kumoh.ac.kr/ko/sub06_01_01_01.do?mode=view&articleNo=435816&article.offset=0&articleLimit=500
221,5614,[장학],[근로]2023학년도 2학기 1차 국가근로장학금 학생신청 안내[2023.5.23.(화)~6.22.(목)],2023-05-16,https://www.kumoh.ac.kr/ko/sub06_01_01_01.do?mode=view&articleNo=435322&article.offset=0&articleLimit=500
222,5613,[장학],2023년 화성시인재육성재단 주거비지원 장학금 안내,2023-05-15,https://www.kumoh.ac.kr/ko/sub06_01_01_01.do?mode=view&articleNo=435032&article.offset=0&articleLimit=500
223,5612,[장학],2023년 국립청소년인터넷드림마을 10기 캠프 멘토 모집 안내,2023-05-15,https://www.kumoh.ac.kr/ko/sub06_01_01_01.do?mode=view&articleNo=434735&article.offset=0&articleLimit=500
224,5611,[수업],[진로교육] 2023년 1학기 취업진로교육 대체이수 신청 접수 안내,2023-05-15,https://www.kumoh.ac.kr/ko/sub06_01_01_01.do?mode=view&articleNo=434720&article.offset=0&articleLimit=500
225,5610,[수업],"2023학년도 여름 계절수업 다른대학(한경국립대, 강릉원주대, 공주대) 수학신청 안내",2023-05-12,https://www.kumoh.ac.kr/ko/sub06_01_01_01.do?mode=view&articleNo=434401&article.offset=0&articleLimit=500
226,5609,[장학],2023년 2학기 삼성드림클래스 대학생멘토 선발 안내,2023-05-10,https://www.kumoh.ac.kr/ko/sub06_01_01_01.do?mode=view&articleNo=433865&article.offset=0&articleLimit=500
227,5608,[수업],"2023-1학기 기말시험 공동시행과목(일반화학실험1, 일반물리학실험1) 실시 안내",2023-05-09,https://www.kumoh.ac.kr/ko/sub06_01_01_01.do?mode=view&articleNo=433623&article.offset=0&articleLimit=500
228,5607,[학적],2023-1학기 공학교육인증 변경 신청 안내,2023-05-08,https://www.kumoh.ac.kr/ko/sub06_01_01_01.do?mode=view&articleNo=433560&article.offset=0&articleLimit=500
229,5606,[수업],국가공휴일 휴강에 따른 보강일 안내,2023-05-08,https://www.kumoh.ac.kr/ko/sub06_01_01_01.do?mode=view&articleNo=433546&article.offset=0&articleLimit=500
230,5605,[장학],2023년 독립유공자 후손 장학금 장학생 선발 안내,2023-05-03,https://www.kumoh.ac.kr/ko/sub06_01_01_01.do?mode=view&articleNo=432987&article.offset=0&articleLimit=500
231,5604,[수업],"2023학년도 여름 계절수업 다른대학(한밭대,한국교원대,제주대,서울과기대,계명대) 수학신청 안내",2023-05-03,https://www.kumoh.ac.kr/ko/sub06_01_01_01.do?mode=view&articleNo=432981&article.offset=0&articleLimit=500
232,5603,[수업],[수업] (5/15~5/16) 2023년 여름 계절수업 개설과목 현황 및 수강신청 안내,2023-05-02,https://www.kumoh.ac.kr/ko/sub06_01_01_01.do?mode=view&articleNo=432751&article.offset=0&articleLimit=500
233,5602,[학적],2023학년도 1학기 추가이수과정(복수·부·연계·융합전공) 이수 포기(변경) 신청 안내,2023-04-27,https://www.kumoh.ac.kr/ko/sub06_01_01_01.do?mode=view&articleNo=432391&article.offset=0&articleLimit=500
234,5601,,[메이커빌리지]  3D모델링 & 3D프린팅 교육,2023-04-27,https://www.kumoh.ac.kr/ko/sub06_01_01_01.do?mode=view&articleNo=432372&article.offset=0&articleLimit=500
235,5600,[수업],"2023학년도 여름 계절수업 다른대학(부경대,경북대,군산대, 숙명여대) 수학신청 안내",2023-04-25,https://www.kumoh.ac.kr/ko/sub06_01_01_01.do?mode=view&articleNo=432060&article.offset=0&articleLimit=500
236,5599,[대학원],2023 Fall Semester Graduate School Admission Guidelines for International Students,2023-04-24,https://www.kumoh.ac.kr/ko/sub06_01_01_01.do?mode=view&articleNo=431696&article.offset=0&articleLimit=500
237,5598,[장학],2023년 서울희망 대학 장학금 장학생 모집 안내,2023-04-20,https://www.kumoh.ac.kr/ko/sub06_01_01_01.do?mode=view&articleNo=431414&article.offset=0&articleLimit=500
238,5597,[수업],"2023학년도 여름 계절수업 다른대학(충남대, 대구대,순천대,한국해양대) 수학신청 안내",2023-04-20,https://www.kumoh.ac.kr/ko/sub06_01_01_01.do?mode=view&articleNo=431375&article.offset=0&articleLimit=500
239,5596,[대학원],2023-1학기 교육대학원 부전공 이수 신청 안내,2023-04-20,https://www.kumoh.ac.kr/ko/sub06_01_01_01.do?mode=view&articleNo=431309&article.offset=0&articleLimit=500
240,5595,[장학],2023년 상반기 울산연구원 장학생 선발 안내,2023-04-20,https://www.kumoh.ac.kr/ko/sub06_01_01_01.do?mode=view&articleNo=431308&article.offset=0&articleLimit=500
241,5594,[장학],2023년 5.18 희망장학생 선발 안내,2023-04-19,https://www.kumoh.ac.kr/ko/sub06_01_01_01.do?mode=view&articleNo=431098&article.offset=0&articleLimit=500
242,5593,[대학원],2022학년도 후기 대학원별 학위논문심사 신청 안내,2023-04-18,https://www.kumoh.ac.kr/ko/sub06_01_01_01.do?mode=view&articleNo=431087&article.offset=0&articleLimit=500
243,5592,[대학원],2023-1학기 대학원별 원격수업 운영 강좌 강의평가(1차) 시행 안내,2023-04-18,https://www.kumoh.ac.kr/ko/sub06_01_01_01.do?mode=view&articleNo=430989&article.offset=0&articleLimit=500
244,5591,[수업],"5/1(월,근로자의날) 휴강 및 국가공휴일 휴강에 따른 보강일 안내",2023-04-18,https://www.kumoh.ac.kr/ko/sub06_01_01_01.do?mode=view&articleNo=430935&article.offset=0&articleLimit=500
245,5590,[장학],2023년도 상반기 강화군 대학생 등록금 지원사업 안내,2023-04-18,https://www.kumoh.ac.kr/ko/sub06_01_01_01.do?mode=view&articleNo=430870&article.offset=0&articleLimit=500
246,5589,[대학원],2023-1학기 대학원별 졸업종합시험 결과 발표,2023-04-17,https://www.kumoh.ac.kr/ko/sub06_01_01_01.do?mode=view&articleNo=430842&article.offset=0&articleLimit=500
247,5588,[수업],2023년도 여름계절수업 운영 알림(수강신청 5.15-5.16),2023-04-17,https://www.kumoh.ac.kr/ko/sub06_01_01_01.do?mode=view&articleNo=430818&article.offset=0&articleLimit=500
248,5587,[등록],2023학년도 1학기 등록금 분할납부 3차분 등록기간 안내,2023-04-17,https://www.kumoh.ac.kr/ko/sub06_01_01_01.do?mode=view&articleNo=430786&article.offset=0&articleLimit=500
249,5586,[성적],2023학년도 1학기 해외어학연수 학점인정 신청 안내,2023-04-14,https://www.kumoh.ac.kr/ko/sub06_01_01_01.do?mode=view&articleNo=430583&article.offset=0&articleLimit=500
250,5585,,2023 창업동아리(시제품 제작 지원) 모집 _기간 연장,2023-04-14,https://www.kumoh.ac.kr/ko/sub06_01_01_01.do?mode=view&articleNo=430521&article.offset=0&articleLimit=500
251,5584,[학적],2023학년도 전공배정 기준 안내,2023-04-14,https://www.kumoh.ac.kr/ko/sub06_01_01_01.do?mode=view&articleNo=430513&article.offset=0&articleLimit=500
252,5583,[장학],[근로]2023년 1학기 국가근로장학금 추가신청기간 안내[4.24.(월)~5.8.(월)],2023-04-14,https://www.kumoh.ac.kr/ko/sub06_01_01_01.do?mode=view&articleNo=430445&article.offset=0&articleLimit=500
253,5582,[장학],2023-2학기 교내 성적장학생 선발관련 외국어성적표 제출안내(기한엄수),2023-04-13,https://www.kumoh.ac.kr/ko/sub06_01_01_01.do?mode=view&articleNo=430402&article.offset=0&articleLimit=500
254,5581,[학적],[학부] 2023학년도 후기 학부 외국인 신편입학 특별전형 모집 안내,2023-04-13,https://www.kumoh.ac.kr/ko/sub06_01_01_01.do?mode=view&articleNo=430328&article.offset=0&articleLimit=500
255,5580,[수업],"2023학년도 여름 계절수업 다른대학(충북대,서울대,안동대, 한양대) 수학신청 안내",2023-04-13,https://www.kumoh.ac.kr/ko/sub06_01_01_01.do?mode=view&articleNo=430236&article.offset=0&articleLimit=500
256,5579,[수업],[5/12(금)] 2023-1학기 졸업전공시험 실시 안내,2023-04-13,https://www.kumoh.ac.kr/ko/sub06_01_01_01.do?mode=view&articleNo=430221&article.offset=0&articleLimit=500
257,5578,[수업],2023년도 여름계절수업  개설희망 과목 학생수요조사 실시 안내,2023-04-12,https://www.kumoh.ac.kr/ko/sub06_01_01_01.do?mode=view&articleNo=430159&article.offset=0&articleLimit=500
258,5577,[수업],출석미달(주의)대상자  알림 관련 안내,2023-04-12,https://www.kumoh.ac.kr/ko/sub06_01_01_01.do?mode=view&articleNo=430063&article.offset=0&articleLimit=500
259,5576,[수업],[아이폰]전자출결 앱 필수 업데이트 안내(아이폰사용자) 4월14일부터!!,2023-04-11,https://www.kumoh.ac.kr/ko/sub06_01_01_01.do?mode=view&articleNo=429978&article.offset=0&articleLimit=500
260,5575,[장학],2023년 1학기 푸른등대 삼성기부장학금 신규장학생 신청 안내(4/21 17시까지),2023-04-11,https://www.kumoh.ac.kr/ko/sub06_01_01_01.do?mode=view&articleNo=429943&article.offset=0&articleLimit=500
261,5574,[대학원],대학원 신입생 (재학생 포함) 학적부 기재사항 입력 및 정비 안내,2023-04-10,https://www.kumoh.ac.kr/ko/sub06_01_01_01.do?mode=view&articleNo=429791&article.offset=0&articleLimit=500
262,5573,[장학],2023년 (재)세종인재평생교육진흥원 상반기 장학생 선발 안내,2023-04-06,https://www.kumoh.ac.kr/ko/sub06_01_01_01.do?mode=view&articleNo=429326&article.offset=0&articleLimit=500
263,5572,[장학],(재)우석장학문화재단 생활비 지원 장학생 모집 안내,2023-04-04,https://www.kumoh.ac.kr/ko/sub06_01_01_01.do?mode=view&articleNo=428930&article.offset=0&articleLimit=500
264,5571,[학적],※ TA 멘토링 프로그램 비대면(자료) 오리엔테이션,2023-04-03,https://www.kumoh.ac.kr/ko/sub06_01_01_01.do?mode=view&articleNo=428852&article.offset=0&articleLimit=500
265,5570,[대학원],2023-1학기 대학원별 외국어시험 면제 신청 안내,2023-03-31,https://www.kumoh.ac.kr/ko/sub06_01_01_01.do?mode=view&articleNo=428747&article.offset=0&articleLimit=500
266,5569,[대학원],2023-1학기 대학원별 성적취소 신청 안내,2023-03-31,https://www.kumoh.ac.kr/ko/sub06_01_01_01.do?mode=view&articleNo=428711&article.offset=0&articleLimit=500
267,5568,[장학],[(재)세종인재평생교육진흥원]2023년 상반기 학자금 대출이자 지원 홍보,2023-03-30,https://www.kumoh.ac.kr/ko/sub06_01_01_01.do?mode=view&articleNo=428652&article.offset=0&articleLimit=500
268,5567,[장학],2023년도 (재)인천인재평생교육진흥원 상반기 장학생 선발 안내,2023-03-30,https://www.kumoh.ac.kr/ko/sub06_01_01_01.do?mode=view&articleNo=428619&article.offset=0&articleLimit=500
269,5566,[장학],[대구지방보훈청] 2023학년도 1학기 보훈(가족) 장학 안내,2023-03-30,https://www.kumoh.ac.kr/ko/sub06_01_01_01.do?mode=view&articleNo=428617&article.offset=0&articleLimit=500
270,5565,,금오공과대학교 학칙 일부 개정(안)공고,2023-03-29,https://www.kumoh.ac.kr/ko/sub06_01_01_01.do?mode=view&articleNo=428500&article.offset=0&articleLimit=500
271,5564,[학적],2023학년도 복수전공 이수 신청 안내,2023-03-28,https://www.kumoh.ac.kr/ko/sub06_01_01_01.do?mode=view&articleNo=428348&article.offset=0&articleLimit=500
272,5563,[학적],2023학년도 1학기 성적취소 신청 안내,2023-03-28,https://www.kumoh.ac.kr/ko/sub06_01_01_01.do?mode=view&articleNo=428346&article.offset=0&articleLimit=500
273,5562,[대학원],2023-1학기 대학원생 지도교수 배정 신청 안내,2023-03-28,https://www.kumoh.ac.kr/ko/sub06_01_01_01.do?mode=view&articleNo=428270&article.offset=0&articleLimit=500
274,5561,[장학],2023학년도 대학생 청소년 교육지원장학금 장학생(멘토) 선발결과 알림,2023-03-27,https://www.kumoh.ac.kr/ko/sub06_01_01_01.do?mode=view&articleNo=428218&article.offset=0&articleLimit=500
275,5560,[대학원],2023-1학기 대학원별 졸업종합시험 일시 및 장소 안내,2023-03-24,https://www.kumoh.ac.kr/ko/sub06_01_01_01.do?mode=view&articleNo=427898&article.offset=0&articleLimit=500
276,5559,[장학],취업 후 학자금 상환안내 홍보,2023-03-23,https://www.kumoh.ac.kr/ko/sub06_01_01_01.do?mode=view&articleNo=427862&article.offset=0&articleLimit=500
277,5558,[장학],MG희망나눔 청년주거 장학사업 청년 모집 안내,2023-03-21,https://www.kumoh.ac.kr/ko/sub06_01_01_01.do?mode=view&articleNo=427623&article.offset=0&articleLimit=500
278,5557,[학적],[수정] 2023년 기초학력 증진 프로그램 안내_기초도구교과목 별도반 대상(응시 사이트 공지),2023-03-21,https://www.kumoh.ac.kr/ko/sub06_01_01_01.do?mode=view&articleNo=427594&article.offset=0&articleLimit=500
279,5556,[장학],[경상북도] 2023년 경상북도 대학생 학자금대출 이자지원 사업,2023-03-21,https://www.kumoh.ac.kr/ko/sub06_01_01_01.do?mode=view&articleNo=427554&article.offset=0&articleLimit=500
280,5555,[장학],2023년 1학기 안산시 대학생 본인부담 등록금 반값지원 안내,2023-03-21,https://www.kumoh.ac.kr/ko/sub06_01_01_01.do?mode=view&articleNo=427540&article.offset=0&articleLimit=500
281,5554,[장학],(재)논산시장학회 학업장려 장학생 선발 안내,2023-03-21,https://www.kumoh.ac.kr/ko/sub06_01_01_01.do?mode=view&articleNo=427538&article.offset=0&articleLimit=500
282,5553,[장학],2023년도 대학생 청소년교육지원사업 멘토 모집(~3.24),2023-03-17,https://www.kumoh.ac.kr/ko/sub06_01_01_01.do?mode=view&articleNo=427375&article.offset=0&articleLimit=500
283,5552,,2023학년도 1학기 재학생 등록금 납부 안내(최종),2023-03-17,https://www.kumoh.ac.kr/ko/sub06_01_01_01.do?mode=view&articleNo=427371&article.offset=0&articleLimit=500
284,5551,[장학],(재)달서인재육성장학재단 2023년 진학장학생 선발 안내,2023-03-16,https://www.kumoh.ac.kr/ko/sub06_01_01_01.do?mode=view&articleNo=427228&article.offset=0&articleLimit=500
285,5550,[대학원],[장학] 대학원 장학 관련 안내는 홈페이지 공지 또는 금오톡톡 알림(문자는 미발송)-금오톡톡 설치 필수,2023-03-15,https://www.kumoh.ac.kr/ko/sub06_01_01_01.do?mode=view&articleNo=427014&article.offset=0&articleLimit=500
286,5549,[장학],2023년 대통령과학장학금 신청 안내,2023-03-13,https://www.kumoh.ac.kr/ko/sub06_01_01_01.do?mode=view&articleNo=426856&article.offset=0&articleLimit=500
287,5548,[장학],2023-1학기 고졸 후학습자 장학사업(희망사다리 II유형) 신규장학생 신청 안내,2023-03-13,https://www.kumoh.ac.kr/ko/sub06_01_01_01.do?mode=view&articleNo=426855&article.offset=0&articleLimit=500
288,5547,[등록],2023년 방위산업 전문인력 양성사업 교육생 모집,2023-03-13,https://www.kumoh.ac.kr/ko/sub06_01_01_01.do?mode=view&articleNo=426810&article.offset=0&articleLimit=500
289,5546,[성적],[4/5-4/7] 2023-1학기 군복무 중 취득학점 인정 신청 안내,2023-03-10,https://www.kumoh.ac.kr/ko/sub06_01_01_01.do?mode=view&articleNo=426608&article.offset=0&articleLimit=500
290,5545,[학적],2022학년도 후기(2023년 8월) 졸업예정자 졸업예비사정 내역 열람 안내,2023-03-10,https://www.kumoh.ac.kr/ko/sub06_01_01_01.do?mode=view&articleNo=426586&article.offset=0&articleLimit=500
291,5544,[등록],2023학년도 1학기 재학생 등록금 납부 안내(추가 3차),2023-03-09,https://www.kumoh.ac.kr/ko/sub06_01_01_01.do?mode=view&articleNo=426551&article.offset=0&articleLimit=500
292,5543,[장학],2023년도 월곡주얼리장학생 선발 안내,2023-03-09,https://www.kumoh.ac.kr/ko/sub06_01_01_01.do?mode=view&articleNo=426523&article.offset=0&articleLimit=500
293,5542,[장학],(재)춘천시민장학복지재단 2023년도 상반기 장학생 선발 안내,2023-03-08,https://www.kumoh.ac.kr/ko/sub06_01_01_01.do?mode=view&articleNo=426427&article.offset=0&articleLimit=500
294,5541,[대학원],2023-1학기 대학원별 외국어시험 결과 발표 안내,2023-03-08,https://www.kumoh.ac.kr/ko/sub06_01_01_01.do?mode=view&articleNo=426356&article.offset=0&articleLimit=500
295,5540,[장학],2023년 충남 커뮤니티 지원 장학사업 안내,2023-03-07,https://www.kumoh.ac.kr/ko/sub06_01_01_01.do?mode=view&articleNo=426232&article.offset=0&articleLimit=500
296,5539,[대학원],2023-1학기 대학원별 전적대학원 학점인정 신청 안내,2023-03-07,https://www.kumoh.ac.kr/ko/sub06_01_01_01.do?mode=view&articleNo=426201&article.offset=0&articleLimit=500
297,5538,[장학],2023년 TA 멘토링 프로그램 운영 안내(일정 및 활동 내용 수정),2023-03-06,https://www.kumoh.ac.kr/ko/sub06_01_01_01.do?mode=view&articleNo=426105&article.offset=0&articleLimit=500
298,5537,[대학원],2023-1학기 일반대학원 박사과정 학생 석사 초과이수학점 인정 신청 안내,2023-03-06,https://www.kumoh.ac.kr/ko/sub06_01_01_01.do?mode=view&articleNo=426050&article.offset=0&articleLimit=500
299,5536,[수업],[진로교육] 2023학년도 1학기 취업진로교육 졸업의무과정 시행 안내(수정),2023-03-06,https://www.kumoh.ac.kr/ko/sub06_01_01_01.do?mode=view&articleNo=426021&article.offset=0&articleLimit=500
300,5535,,[대학근로] 2023-1학기 학생 및 교직원식당 근로장학생 모집(3/13부터),2023-03-06,https://www.kumoh.ac.kr/ko/sub06_01_01_01.do?mode=view&articleNo=426013&article.offset=0&articleLimit=500
301,5534,[등록],2022학년도 전기 학사학위취득유예생 등록기간 안내,2023-03-06,https://www.kumoh.ac.kr/ko/sub06_01_01_01.do?mode=view&articleNo=425983&article.offset=0&articleLimit=500
302,5533,[등록],2023학년도 1학기 재학생 등록금 납부 안내(추가2차),2023-03-06,https://www.kumoh.ac.kr/ko/sub06_01_01_01.do?mode=view&articleNo=425976&article.offset=0&articleLimit=500
303,5532,[장학],2023년도 (재)수림재단 신규장학생 선발 안내,2023-03-06,https://www.kumoh.ac.kr/ko/sub06_01_01_01.do?mode=view&articleNo=425931&article.offset=0&articleLimit=500
304,5531,,디지털관 외벽 개선공사 안내 ,2023-03-03,https://www.kumoh.ac.kr/ko/sub06_01_01_01.do?mode=view&articleNo=425803&article.offset=0&articleLimit=500
305,5530,[수업],2023학년도 취업진로상담 교과목 시행안내,2023-03-02,https://www.kumoh.ac.kr/ko/sub06_01_01_01.do?mode=view&articleNo=425758&article.offset=0&articleLimit=500
306,5529,[수업],[3/7까지 필수]전자출결 앱(안드로이드) 업데이트 및 매뉴얼 안내,2023-03-02,https://www.kumoh.ac.kr/ko/sub06_01_01_01.do?mode=view&articleNo=425727&article.offset=0&articleLimit=500
307,5528,[대학원],2023-1학기 대학원별 학위논문연구계획서 제출 안내,2023-03-02,https://www.kumoh.ac.kr/ko/sub06_01_01_01.do?mode=view&articleNo=425693&article.offset=0&articleLimit=500
308,5527,[수업],[전자출결 앱 사용 오류 안내],2023-03-02,https://www.kumoh.ac.kr/ko/sub06_01_01_01.do?mode=view&articleNo=425692&article.offset=0&articleLimit=500
309,5526,[대학원],2023-1학기 대학원별  외국어시험 장소 안내,2023-02-28,https://www.kumoh.ac.kr/ko/sub06_01_01_01.do?mode=view&articleNo=425601&article.offset=0&articleLimit=500
310,5525,[수업],"2023-1 폐강, 합반과목 안내 및 수강정정신청 안내(스마트공장융합전공 과목 추가)",2023-02-28,https://www.kumoh.ac.kr/ko/sub06_01_01_01.do?mode=view&articleNo=425594&article.offset=0&articleLimit=500
311,5524,[수업],2023-1학기 원어민 프리토킹 및 영작 첨삭 지도 안내,2023-02-28,https://www.kumoh.ac.kr/ko/sub06_01_01_01.do?mode=view&articleNo=425590&article.offset=0&articleLimit=500
312,5523,[장학],우아한 사장님 자녀장학금 지원 대학생 장학생 모집 안내,2023-02-28,https://www.kumoh.ac.kr/ko/sub06_01_01_01.do?mode=view&articleNo=425549&article.offset=0&articleLimit=500
313,5522,[장학],충남인재육성재단 2023년도 상반기 장학사업 안내,2023-02-27,https://www.kumoh.ac.kr/ko/sub06_01_01_01.do?mode=view&articleNo=425450&article.offset=0&articleLimit=500
314,5521,[장학],2023-1학기 학기 중 근로장학생 선발 확정 알림,2023-02-24,https://www.kumoh.ac.kr/ko/sub06_01_01_01.do?mode=view&articleNo=425359&article.offset=0&articleLimit=500
315,5520,[등록],2023학년도 1학기 재학생 등록금 납부 안내(추가),2023-02-24,https://www.kumoh.ac.kr/ko/sub06_01_01_01.do?mode=view&articleNo=425331&article.offset=0&articleLimit=500
316,5519,[수업],"2023-1학기 수강신청과목 변경, 정정 신청기간 안내",2023-02-23,https://www.kumoh.ac.kr/ko/sub06_01_01_01.do?mode=view&articleNo=425297&article.offset=0&articleLimit=500
317,5518,[학적],♣ 2023 신입생 학생증 발급 안내 (인터넷신청일자 정정 2023.02.24~),2023-02-21,https://www.kumoh.ac.kr/ko/sub06_01_01_01.do?mode=view&articleNo=425157&article.offset=0&articleLimit=500
318,5517,[장학],[대학근로] 2023-1학기 학생 및 교직원식당 근로장학생 모집,2023-02-21,https://www.kumoh.ac.kr/ko/sub06_01_01_01.do?mode=view&articleNo=425137&article.offset=0&articleLimit=500
319,5516,[대학원],[장학] 대학원 장학 관련 안내는 홈페이지 공지 또는 금오톡톡 알림(문자는 미발송)-금오톡톡 설치 필수,2023-02-21,https://www.kumoh.ac.kr/ko/sub06_01_01_01.do?mode=view&articleNo=425119&article.offset=0&articleLimit=500
320,5515,[장학],2023년도 제14기 사회리더 대학생 멘토링 멘티모집 안내(기간연장),2023-02-21,https://www.kumoh.ac.kr/ko/sub06_01_01_01.do?mode=view&articleNo=425114&article.offset=0&articleLimit=500
321,5514,[대학원],2023학년도 1학기 학부생 일반대학원 교과목 사전이수 신청 안내,2023-02-21,https://www.kumoh.ac.kr/ko/sub06_01_01_01.do?mode=view&articleNo=425097&article.offset=0&articleLimit=500
322,5513,[학적],2023학년도 금오공과대학교 신입생 입학식 등 학사 안내,2023-02-20,https://www.kumoh.ac.kr/ko/sub06_01_01_01.do?mode=view&articleNo=425062&article.offset=0&articleLimit=500
323,5512,[학적],2023학년도 편입생 전적학교 학점인정 내역 조회 및 이의신청 안내,2023-02-20,https://www.kumoh.ac.kr/ko/sub06_01_01_01.do?mode=view&articleNo=425059&article.offset=0&articleLimit=500
324,5511,[대학원],"2023학년도 1학기 대학원(일반, 산업, 교육 및 컨설팅) 수강신청 확인 및 변경기간 안내",2023-02-20,https://www.kumoh.ac.kr/ko/sub06_01_01_01.do?mode=view&articleNo=425044&article.offset=0&articleLimit=500
325,5510,[장학],2023-1학기 농림축산식품부 청년창업농육성장학생 추가모집 안내,2023-02-17,https://www.kumoh.ac.kr/ko/sub06_01_01_01.do?mode=view&articleNo=424935&article.offset=0&articleLimit=500
326,5509,[대학원],2023-1학기 대학원별 졸업종합시험 신청 안내,2023-02-17,https://www.kumoh.ac.kr/ko/sub06_01_01_01.do?mode=view&articleNo=424929&article.offset=0&articleLimit=500
327,5508,[학적],2023학년도 신입생 및 편입생 학번 조회 안내,2023-02-16,https://www.kumoh.ac.kr/ko/sub06_01_01_01.do?mode=view&articleNo=424791&article.offset=0&articleLimit=500
328,5507,[수업],2023-1학기 전자출결시스템 앱설치 안내,2023-02-16,https://www.kumoh.ac.kr/ko/sub06_01_01_01.do?mode=view&articleNo=424788&article.offset=0&articleLimit=500
329,5506,[학적],2023학년도 신입생 인성 및 적성검사 실시 안내(2.22(수) ~ 3.3.(금) 진행)(연장 실시),2023-02-16,https://www.kumoh.ac.kr/ko/sub06_01_01_01.do?mode=view&articleNo=424782&article.offset=0&articleLimit=500
330,5505,[수업],"2,3학년 수강신청 [콘텐츠전략과서비스기획(LA0345)] 과목관련 안내",2023-02-15,https://www.kumoh.ac.kr/ko/sub06_01_01_01.do?mode=view&articleNo=424757&article.offset=0&articleLimit=500
331,5504,[학적],2023학년도 전기 시간제등록생 모집 공고,2023-02-14,https://www.kumoh.ac.kr/ko/sub06_01_01_01.do?mode=view&articleNo=424679&article.offset=0&articleLimit=500
332,5503,[학적],2023학년도 1학기  ‘신입생 및 편입생’ 온라인 휴학 신청 안내,2023-02-13,https://www.kumoh.ac.kr/ko/sub06_01_01_01.do?mode=view&articleNo=424586&article.offset=0&articleLimit=500
333,5502,[수업],2023-1학기 다른대학(공주대) 수학신청 안내,2023-02-13,https://www.kumoh.ac.kr/ko/sub06_01_01_01.do?mode=view&articleNo=424580&article.offset=0&articleLimit=500
334,5501,[학적],2023년 신입생 기초학력 온라인평가 실시 안내(2. 23.(목)~24.(금) 진행),2023-02-13,https://www.kumoh.ac.kr/ko/sub06_01_01_01.do?mode=view&articleNo=424570&article.offset=0&articleLimit=500
335,5500,[학적],2023년 신입생 기초학력평가 유의사항 및 응시방법,2023-02-13,https://www.kumoh.ac.kr/ko/sub06_01_01_01.do?mode=view&articleNo=424567&article.offset=0&articleLimit=500
336,5499,[수업],2023-1학기  공결신청 방법 및 유의사항 안내,2023-02-13,https://www.kumoh.ac.kr/ko/sub06_01_01_01.do?mode=view&articleNo=424559&article.offset=0&articleLimit=500
337,5498,[수업],2023-1학기 열린사이버대학교(OCU) 학점교류 수강 안내 (2/23 11시 ~ 2/23 18시)- 종료시간 변경,2023-02-13,https://www.kumoh.ac.kr/ko/sub06_01_01_01.do?mode=view&articleNo=424532&article.offset=0&articleLimit=500
338,5497,[학적],★ 2023학년도 1학기 휴학·복학  온라인(원스톱서비스) 신청(3차) 안내,2023-02-10,https://www.kumoh.ac.kr/ko/sub06_01_01_01.do?mode=view&articleNo=424486&article.offset=0&articleLimit=500
339,5496,[장학],[근로] 2023-1학기 학기 중 부서별 근로장학생 모집 알림[2.13. ~ 2. 19.],2023-02-10,https://www.kumoh.ac.kr/ko/sub06_01_01_01.do?mode=view&articleNo=424468&article.offset=0&articleLimit=500
340,5495,[대학원],[장학] 2023학년도 1학기 대학원 스마일장학생 선발 결과 안내,2023-02-10,https://www.kumoh.ac.kr/ko/sub06_01_01_01.do?mode=view&articleNo=424456&article.offset=0&articleLimit=500
341,5494,[수업],2023학년도 1학기 수강꾸러미 확정 안내,2023-02-10,https://www.kumoh.ac.kr/ko/sub06_01_01_01.do?mode=view&articleNo=424447&article.offset=0&articleLimit=500
342,5493,[장학],[학생성공처] 2023학년도 KIT역량장학금(K-WEGO) 안내,2023-02-09,https://www.kumoh.ac.kr/ko/sub06_01_01_01.do?mode=view&articleNo=424378&article.offset=0&articleLimit=500
343,5492,[대학원],"2023학년도 전기 대학원별(일반, 산업, 교육 및 컨설팅) 신입생 학번 조회 안내",2023-02-09,https://www.kumoh.ac.kr/ko/sub06_01_01_01.do?mode=view&articleNo=424366&article.offset=0&articleLimit=500
344,5491,[대학원],2022학년도 전기 대학원별 학위수여식 안내,2023-02-09,https://www.kumoh.ac.kr/ko/sub06_01_01_01.do?mode=view&articleNo=424364&article.offset=0&articleLimit=500
345,5490,[대학원],2023학년도 전기 대학원 신입생 학번 부여 안내(예정),2023-02-09,https://www.kumoh.ac.kr/ko/sub06_01_01_01.do?mode=view&articleNo=424284&article.offset=0&articleLimit=500
346,5489,[대학원],2023학년도 대학원 원우회 회장 선거 결과 안내,2023-02-08,https://www.kumoh.ac.kr/ko/sub06_01_01_01.do?mode=view&articleNo=424259&article.offset=0&articleLimit=500
347,5488,[학적],2022학년도 전기(2023년 2월 졸업) 학위수여식 안내,2023-02-08,https://www.kumoh.ac.kr/ko/sub06_01_01_01.do?mode=view&articleNo=424240&article.offset=0&articleLimit=500
348,5487,[수업],2023-1학기 조기취업자 출석인정신청서 제출 안내,2023-02-08,https://www.kumoh.ac.kr/ko/sub06_01_01_01.do?mode=view&articleNo=424194&article.offset=0&articleLimit=500
349,5486,[수업],2023학년도 1학기 수강신청 안내 [신입생 수강신청 안내 포함되어있습니다.],2023-02-08,https://www.kumoh.ac.kr/ko/sub06_01_01_01.do?mode=view&articleNo=424185&article.offset=0&articleLimit=500
350,5485,[학적],2023년 신입생 기초학력평가 학부(과)별 응시과목 및 출제기준 안내,2023-02-07,https://www.kumoh.ac.kr/ko/sub06_01_01_01.do?mode=view&articleNo=424144&article.offset=0&articleLimit=500
351,5484,[수업],[학년별 수강신청] 수강신청 가능여부 확인,2023-02-07,https://www.kumoh.ac.kr/ko/sub06_01_01_01.do?mode=view&articleNo=424142&article.offset=0&articleLimit=500
352,5483,[대학원],2023-1학기 대학원별 외국어시험 시행 안내,2023-02-06,https://www.kumoh.ac.kr/ko/sub06_01_01_01.do?mode=view&articleNo=424075&article.offset=0&articleLimit=500
353,5482,[대학원],2023-1학기 대학원별 주요 학사일정 안내,2023-02-06,https://www.kumoh.ac.kr/ko/sub06_01_01_01.do?mode=view&articleNo=424062&article.offset=0&articleLimit=500
354,5481,[장학],(재)제주삼다수재단 삼다수 장학생(대학생) 모집 안내,2023-02-03,https://www.kumoh.ac.kr/ko/sub06_01_01_01.do?mode=view&articleNo=423913&article.offset=0&articleLimit=500
355,5480,[수업],[학부] 2023-1학기 장애학생 우선 수강신청 안내,2023-02-02,https://www.kumoh.ac.kr/ko/sub06_01_01_01.do?mode=view&articleNo=423848&article.offset=0&articleLimit=500
356,5479,[장학],재단법인 플라톤아카데미 인문 지혜 판플러스 모집 안내,2023-02-02,https://www.kumoh.ac.kr/ko/sub06_01_01_01.do?mode=view&articleNo=423846&article.offset=0&articleLimit=500
357,5478,[성적],2023-1학기 사회봉사 교과목 학점취득을 위한 봉사활동 실시 및 관련 서류 제출 안내,2023-02-02,https://www.kumoh.ac.kr/ko/sub06_01_01_01.do?mode=view&articleNo=423824&article.offset=0&articleLimit=500
358,5477,[등록],[LINC 3.0 사업단] 2023학년도 스마트공장융합전공 학생 추가모집(진입 모집),2023-02-02,https://www.kumoh.ac.kr/ko/sub06_01_01_01.do?mode=view&articleNo=423822&article.offset=0&articleLimit=500
359,5476,[학적],연계전공 교육과정 이수과목 변경안내 ,2023-02-02,https://www.kumoh.ac.kr/ko/sub06_01_01_01.do?mode=view&articleNo=423808&article.offset=0&articleLimit=500
360,5475,[수업],"2023-1학기 대구·경북권역 대학원격수업 학점교류[DGU, 구TKNU] 수강 안내(2/23 14시~ 18시)",2023-02-01,https://www.kumoh.ac.kr/ko/sub06_01_01_01.do?mode=view&articleNo=423774&article.offset=0&articleLimit=500
361,5474,[대학원],"2023-1학기 대학원별 석, 박사 학위수여요건 확인 기간 안내",2023-02-01,https://www.kumoh.ac.kr/ko/sub06_01_01_01.do?mode=view&articleNo=423768&article.offset=0&articleLimit=500
362,5473,[대학원],2023-1학기 대학원별 무논문 석사과정 신청 및 논문-무논문 과정 간 상호변경 신청 안내,2023-01-31,https://www.kumoh.ac.kr/ko/sub06_01_01_01.do?mode=view&articleNo=423692&article.offset=0&articleLimit=500
363,5472,[대학원],2023학년도 전기 대학원별 합격자 및 고지서 출력(추가 등록금 납부),2023-01-31,https://www.kumoh.ac.kr/ko/sub06_01_01_01.do?mode=view&articleNo=423674&article.offset=0&articleLimit=500
364,5471,[대학원],"2023학년도 1학기 대학원(일반, 산업, 교육 및 컨설팅) 수강신청 안내",2023-01-30,https://www.kumoh.ac.kr/ko/sub06_01_01_01.do?mode=view&articleNo=423577&article.offset=0&articleLimit=500
365,5470,[대학원],"2023-1학기 대학원(일반, 산업, 교육 및 컨설팅) 수료자등록 신청 안내",2023-01-30,https://www.kumoh.ac.kr/ko/sub06_01_01_01.do?mode=view&articleNo=423554&article.offset=0&articleLimit=500
366,5469,[대학원],"[2022년 대학혁신지원사업] 대학원생 학술활동 참가비 지원 ""마감"" 안내",2023-01-30,https://www.kumoh.ac.kr/ko/sub06_01_01_01.do?mode=view&articleNo=423526&article.offset=0&articleLimit=500
367,5468,[장학],2022년 하반기 인천시 대학(원)생 학자금 대출 이자 지원 안내,2023-01-30,https://www.kumoh.ac.kr/ko/sub06_01_01_01.do?mode=view&articleNo=423518&article.offset=0&articleLimit=500
368,5467,[장학],2023-1학기 국가장학금 2차 신청 안내,2023-01-28,https://www.kumoh.ac.kr/ko/sub06_01_01_01.do?mode=view&articleNo=423486&article.offset=0&articleLimit=500
369,5466,[수업],2023학년도 1학기 마이크로디그리 이수 신청 안내,2023-01-27,https://www.kumoh.ac.kr/ko/sub06_01_01_01.do?mode=view&articleNo=423472&article.offset=0&articleLimit=500
370,5465,[장학],2023년도 제14기 사회리더 대학생 멘토링 멘티모집 안내,2023-01-27,https://www.kumoh.ac.kr/ko/sub06_01_01_01.do?mode=view&articleNo=423405&article.offset=0&articleLimit=500
371,5464,,금오공과대학교 학칙 일부 개정(안) 공고,2023-01-26,https://www.kumoh.ac.kr/ko/sub06_01_01_01.do?mode=view&articleNo=423380&article.offset=0&articleLimit=500
372,5463,[대학원],[장학] 대학원생 장학금 지급 계좌 등록 방법 안내,2023-01-26,https://www.kumoh.ac.kr/ko/sub06_01_01_01.do?mode=view&articleNo=423309&article.offset=0&articleLimit=500
373,5462,[대학원],[장학] 대학원 장학 관련 안내는 홈페이지 공지 또는 금오톡톡 알림(문자는 미발송)-금오톡톡 설치 필수,2023-01-26,https://www.kumoh.ac.kr/ko/sub06_01_01_01.do?mode=view&articleNo=423301&article.offset=0&articleLimit=500
374,5461,[장학],[근로]2023학년도 1학기 2차 국가근로장학금 학생신청 안내[2023. 2. 2.(목) ~ 3. 15.(수)],2023-01-26,https://www.kumoh.ac.kr/ko/sub06_01_01_01.do?mode=view&articleNo=423297&article.offset=0&articleLimit=500
375,5460,[대학원],학석사연계과정 지원자 모집 관련 설명회 개최,2023-01-25,https://www.kumoh.ac.kr/ko/sub06_01_01_01.do?mode=view&articleNo=423146&article.offset=0&articleLimit=500
376,5459,[수업],"2023-1학기 다른대학(군산대, 대구대, 숙명여대,강릉원주대) 수학신청 안내",2023-01-25,https://www.kumoh.ac.kr/ko/sub06_01_01_01.do?mode=view&articleNo=423136&article.offset=0&articleLimit=500
377,5458,[수업],2023학년도 1학기 수강지도 상담 안내,2023-01-25,https://www.kumoh.ac.kr/ko/sub06_01_01_01.do?mode=view&articleNo=423119&article.offset=0&articleLimit=500
378,5457,[학적],"★[2차] 2023학년도 1학기 휴학, 복학 신청 및 직권제적, 휴학연장 안내",2023-01-24,https://www.kumoh.ac.kr/ko/sub06_01_01_01.do?mode=view&articleNo=423096&article.offset=0&articleLimit=500
379,5456,[대학원],[2022년 대학혁신지원사업] 대학원생 학술활동 참가비 지원 마감예정 안내,2023-01-20,https://www.kumoh.ac.kr/ko/sub06_01_01_01.do?mode=view&articleNo=423031&article.offset=0&articleLimit=500
380,5455,[대학원],2022-2학기 대학원(일반 및 컨설팅) 외국어시험 면제 신청 승인 결과 확인 안내 ,2023-01-19,https://www.kumoh.ac.kr/ko/sub06_01_01_01.do?mode=view&articleNo=423000&article.offset=0&articleLimit=500
381,5454,[학적],2022학년도 전기(2023년 2월) 학사학위취득유예(졸업유예) 추가(최종) 신청 안내,2023-01-19,https://www.kumoh.ac.kr/ko/sub06_01_01_01.do?mode=view&articleNo=422985&article.offset=0&articleLimit=500
382,5453,[장학],2023년 상반기 서울런 멘토단 참여 대학생 신청 안내,2023-01-19,https://www.kumoh.ac.kr/ko/sub06_01_01_01.do?mode=view&articleNo=422973&article.offset=0&articleLimit=500
383,5452,[대학원],2023학년도 1학기 대학원 휴복학 신청 안내,2023-01-19,https://www.kumoh.ac.kr/ko/sub06_01_01_01.do?mode=view&articleNo=422956&article.offset=0&articleLimit=500
384,5451,[수업],[학부] 2023학년 1학기 학제간공유형 교육과정 교과 안내,2023-01-18,https://www.kumoh.ac.kr/ko/sub06_01_01_01.do?mode=view&articleNo=422895&article.offset=0&articleLimit=500
385,5450,[등록],2023학년도 1학기 재학생 등록금 납부 안내,2023-01-18,https://www.kumoh.ac.kr/ko/sub06_01_01_01.do?mode=view&articleNo=422864&article.offset=0&articleLimit=500
386,5449,[장학],2023-1학기 국가우수 이공계 장학생 중간평가 대상자 신청 방법 안내,2023-01-18,https://www.kumoh.ac.kr/ko/sub06_01_01_01.do?mode=view&articleNo=422860&article.offset=0&articleLimit=500
387,5448,[대학원],2023학년도 1학기 학석사학위 연계과정 지원자 모집 안내,2023-01-18,https://www.kumoh.ac.kr/ko/sub06_01_01_01.do?mode=view&articleNo=422825&article.offset=0&articleLimit=500
388,5447,[장학],2023학년도 신입생 멘토 선발 확정 공고,2023-01-17,https://www.kumoh.ac.kr/ko/sub06_01_01_01.do?mode=view&articleNo=422781&article.offset=0&articleLimit=500
389,5446,[수업],수강신청 학점이월제 시행 안내,2023-01-17,https://www.kumoh.ac.kr/ko/sub06_01_01_01.do?mode=view&articleNo=422769&article.offset=0&articleLimit=500
390,5445,[등록],2023학년도 1학기 재학생 등록금 분할납부 신청 안내,2023-01-17,https://www.kumoh.ac.kr/ko/sub06_01_01_01.do?mode=view&articleNo=422728&article.offset=0&articleLimit=500
391,5444,[등록],[LINC 3.0 사업단] 2023학년도 스마트공장융합전공 학생 추가모집(진입 모집),2023-01-16,https://www.kumoh.ac.kr/ko/sub06_01_01_01.do?mode=view&articleNo=422676&article.offset=0&articleLimit=500
392,5443,[수업],2023학년도 1학기 수강꾸러미 수강신청 안내,2023-01-16,https://www.kumoh.ac.kr/ko/sub06_01_01_01.do?mode=view&articleNo=422673&article.offset=0&articleLimit=500
393,5442,[대학원],2023학년도 전기 대학원별 합격자 조회 및 고지서 출력,2023-01-16,https://www.kumoh.ac.kr/ko/sub06_01_01_01.do?mode=view&articleNo=422629&article.offset=0&articleLimit=500
394,5441,[수업],"2023-1학기 다른대학(한밭대, 부경대,한경대, 계명대) 수학신청 안내",2023-01-16,https://www.kumoh.ac.kr/ko/sub06_01_01_01.do?mode=view&articleNo=422618&article.offset=0&articleLimit=500
395,5440,[학적],2022학년도 전기(2023년 2월)  졸업예정자 졸업사정 내역 열람 안내,2023-01-12,https://www.kumoh.ac.kr/ko/sub06_01_01_01.do?mode=view&articleNo=422363&article.offset=0&articleLimit=500
396,5439,[수업],"2023-1학기 다른대학(한국해양대,충북대,한양대,서울과기대) 수학신청 안내",2023-01-11,https://www.kumoh.ac.kr/ko/sub06_01_01_01.do?mode=view&articleNo=422313&article.offset=0&articleLimit=500
397,5438,[수업],"2023-1학기 다른대학(충남대,한국교원대,경북대) 수학신청 안내",2023-01-11,https://www.kumoh.ac.kr/ko/sub06_01_01_01.do?mode=view&articleNo=422312&article.offset=0&articleLimit=500
398,5437,[대학원],2022-2학기 대학원별 성적 확정 안내,2023-01-10,https://www.kumoh.ac.kr/ko/sub06_01_01_01.do?mode=view&articleNo=422245&article.offset=0&articleLimit=500
399,5436,[대학원],2023학년도 대학원 원우회 회장 선거 안내,2023-01-10,https://www.kumoh.ac.kr/ko/sub06_01_01_01.do?mode=view&articleNo=422155&article.offset=0&articleLimit=500
400,5435,[학적],[학부] 2023학년도 전기 외국인 신입학 특별전형 합격자 알림,2023-01-09,https://www.kumoh.ac.kr/ko/sub06_01_01_01.do?mode=view&articleNo=422044&article.offset=0&articleLimit=500
401,5434,[대학원],2022학년도 전기 대학원별 학위수여(수료)예정자 성적취소 신청 안내,2023-01-09,https://www.kumoh.ac.kr/ko/sub06_01_01_01.do?mode=view&articleNo=422039&article.offset=0&articleLimit=500
402,5433,[수업],"2023-1학기 다른대학(창원대,안동대,순천대) 수학신청 안내",2023-01-06,https://www.kumoh.ac.kr/ko/sub06_01_01_01.do?mode=view&articleNo=421924&article.offset=0&articleLimit=500
403,5432,[대학원],[장학] 2023학년도 1학기 대학원 스마일장학생(가계곤란) 선발 계획 안내,2023-01-05,https://www.kumoh.ac.kr/ko/sub06_01_01_01.do?mode=view&articleNo=421838&article.offset=0&articleLimit=500
404,5431,[장학],2023-1학기 학자금 대출 일정 안내,2023-01-05,https://www.kumoh.ac.kr/ko/sub06_01_01_01.do?mode=view&articleNo=421837&article.offset=0&articleLimit=500
405,5430,,대학혁신지원사업 학생모니터링단 1기 12월 웹진 배포,2023-01-05,https://www.kumoh.ac.kr/ko/sub06_01_01_01.do?mode=view&articleNo=421743&article.offset=0&articleLimit=500
406,5429,[대학원],2022-2학기 대학원별 외국어시험 면제 신청 안내,2023-01-04,https://www.kumoh.ac.kr/ko/sub06_01_01_01.do?mode=view&articleNo=421693&article.offset=0&articleLimit=500
407,5428,[장학],2023-1학기 보훈 및 형제자매장학금 신청안내,2023-01-03,https://www.kumoh.ac.kr/ko/sub06_01_01_01.do?mode=view&articleNo=421589&article.offset=0&articleLimit=500
408,5427,[장학],[아이들과미래재단] 그루터기 학습멘토링 같이에듀 3기 대학생 멘토 모집 안내,2023-01-03,https://www.kumoh.ac.kr/ko/sub06_01_01_01.do?mode=view&articleNo=421566&article.offset=0&articleLimit=500
409,5426,[대학원],2023학년도 대학원 원우회 회장 후보자 공모,2023-01-03,https://www.kumoh.ac.kr/ko/sub06_01_01_01.do?mode=view&articleNo=421557&article.offset=0&articleLimit=500
410,5425,[장학],농촌출신대학생 학자금 융자 계획 안내,2023-01-03,https://www.kumoh.ac.kr/ko/sub06_01_01_01.do?mode=view&articleNo=421513&article.offset=0&articleLimit=500
411,5424,[장학],2023-1학기 외국어성적우수장학금(기준점수) 신청 안내,2023-01-03,https://www.kumoh.ac.kr/ko/sub06_01_01_01.do?mode=view&articleNo=421512&article.offset=0&articleLimit=500
412,5423,[장학],2022-2학기 외국어성적우수장학금(제출점수) 신청 안내,2023-01-03,https://www.kumoh.ac.kr/ko/sub06_01_01_01.do?mode=view&articleNo=421511&article.offset=0&articleLimit=500
413,5422,[장학],2023 천안시 대학생 학자금 대출이자 지원사업 안내,2023-01-03,https://www.kumoh.ac.kr/ko/sub06_01_01_01.do?mode=view&articleNo=421510&article.offset=0&articleLimit=500
414,5421,[장학],2023년 상반기 경기도 대학생 학자금 대출 이자 지원,2023-01-03,https://www.kumoh.ac.kr/ko/sub06_01_01_01.do?mode=view&articleNo=421503&article.offset=0&articleLimit=500
415,5420,[수업],"2023-1학기 다른대학(서울대, 제주대) 수학신청 안내",2023-01-02,https://www.kumoh.ac.kr/ko/sub06_01_01_01.do?mode=view&articleNo=421454&article.offset=0&articleLimit=500
416,5419,[대학원],2023학년도 전기 대학원별 구술(면접)시험장소 및 수험표 출력 안내,2022-12-29,https://www.kumoh.ac.kr/ko/sub06_01_01_01.do?mode=view&articleNo=421280&article.offset=0&articleLimit=500
417,5418,[성적],2022-2학기 (학부) 성적열람 및 정정기간 안내(강의평가완료 필수),2022-12-29,https://www.kumoh.ac.kr/ko/sub06_01_01_01.do?mode=view&articleNo=421211&article.offset=0&articleLimit=500
418,5417,[장학],학생역량관리시스템(BISKIT) 실적 입력 및 승인 안내,2022-12-28,https://www.kumoh.ac.kr/ko/sub06_01_01_01.do?mode=view&articleNo=421165&article.offset=0&articleLimit=500
419,5416,[장학],2023-1학기 교내 성적장학생 선발관련 외국어성적표 제출안내(기한엄수),2022-12-28,https://www.kumoh.ac.kr/ko/sub06_01_01_01.do?mode=view&articleNo=421140&article.offset=0&articleLimit=500
420,5415,[대학원],2022학년도 전기 대학원별  학위논문 완성본 제출 안내,2022-12-27,https://www.kumoh.ac.kr/ko/sub06_01_01_01.do?mode=view&articleNo=421003&article.offset=0&articleLimit=500
421,5414,[학적],2023학년도 1학기 부전공 이수신청 안내,2022-12-26,https://www.kumoh.ac.kr/ko/sub06_01_01_01.do?mode=view&articleNo=420985&article.offset=0&articleLimit=500
422,5413,[대학원],2023학년도 전기 대학원 재입학 공고,2022-12-26,https://www.kumoh.ac.kr/ko/sub06_01_01_01.do?mode=view&articleNo=420911&article.offset=0&articleLimit=500
423,5412,[학적],"★2023학년도 1학기 휴학, 복학 온라인[원스톱서비스] 신청 안내[1차]",2022-12-23,https://www.kumoh.ac.kr/ko/sub06_01_01_01.do?mode=view&articleNo=420787&article.offset=0&articleLimit=500
424,5411,[장학],"[학생역량개발팀]2023학년도 ""신입생 멘토"" 선발 안내",2022-12-23,https://www.kumoh.ac.kr/ko/sub06_01_01_01.do?mode=view&articleNo=420780&article.offset=0&articleLimit=500
425,5410,[수업],2022-2학기 출결사항 확인방법 안내(전자출결 웹페이지 접속),2022-12-22,https://www.kumoh.ac.kr/ko/sub06_01_01_01.do?mode=view&articleNo=420738&article.offset=0&articleLimit=500
426,5409,[장학],2023년 1학기 삼성드림클래스 대학생 멘토 선발 안내,2022-12-22,https://www.kumoh.ac.kr/ko/sub06_01_01_01.do?mode=view&articleNo=420699&article.offset=0&articleLimit=500
427,5408,[학적],2022학년도 2학기 전공배정 변경신청 기간 안내,2022-12-20,https://www.kumoh.ac.kr/ko/sub06_01_01_01.do?mode=view&articleNo=420517&article.offset=0&articleLimit=500
428,5407,[학적],2023학년도 1학기 재입학 안내,2022-12-20,https://www.kumoh.ac.kr/ko/sub06_01_01_01.do?mode=view&articleNo=420514&article.offset=0&articleLimit=500
429,5406,[학적],2023학년도 1학기 재입학 안내,2022-12-20,https://www.kumoh.ac.kr/ko/sub06_01_01_01.do?mode=view&articleNo=420513&article.offset=0&articleLimit=500
430,5405,[장학],2022-2학기 방학 중 근로장학생 선발 확정 알림,2022-12-19,https://www.kumoh.ac.kr/ko/sub06_01_01_01.do?mode=view&articleNo=420406&article.offset=0&articleLimit=500
431,5404,[학적],2022학년도 전기(2023년 2월) 졸업예정자 추가이수과정 이수 포기(변경) 신청 안내,2022-12-19,https://www.kumoh.ac.kr/ko/sub06_01_01_01.do?mode=view&articleNo=420397&article.offset=0&articleLimit=500
432,5403,[장학],2023년 1학기 푸른등대 기부장학사업 신규장학생 선발 안내,2022-12-19,https://www.kumoh.ac.kr/ko/sub06_01_01_01.do?mode=view&articleNo=420363&article.offset=0&articleLimit=500
433,5402,[등록],[LINC 3.0 사업단] 2023학년도 스마트공장융합전공 학생 모집(진입 모집) 일정 변경 안내,2022-12-19,https://www.kumoh.ac.kr/ko/sub06_01_01_01.do?mode=view&articleNo=420360&article.offset=0&articleLimit=500
434,5401,[대학원],"2022학년도 전기 대학원(일반, 산업 및 컨설팅)  학위논문 원문파일 온라인 제출 안내",2022-12-16,https://www.kumoh.ac.kr/ko/sub06_01_01_01.do?mode=view&articleNo=420198&article.offset=0&articleLimit=500
435,5400,[학적],2022-2학기 졸업자격인증제 수기사정 외국어 영역 인정 신청원 제출 안내,2022-12-14,https://www.kumoh.ac.kr/ko/sub06_01_01_01.do?mode=view&articleNo=419964&article.offset=0&articleLimit=500
436,5399,[장학],[근로] 2022-2학기 방학 중 부서별 근로장학생 모집 알림 [12.13.14시 ~ 12.15.14시]-추가신청(국가근로),2022-12-13,https://www.kumoh.ac.kr/ko/sub06_01_01_01.do?mode=view&articleNo=419909&article.offset=0&articleLimit=500
437,5398,[학적],2022년 전기(2023년 2월) 졸업예정자 교양 이수구분 변경 신청 안내,2022-12-13,https://www.kumoh.ac.kr/ko/sub06_01_01_01.do?mode=view&articleNo=419868&article.offset=0&articleLimit=500
438,5397,[학적],2022년 전기(2023년 2월) 졸업예정자 성적취소 신청 안내,2022-12-13,https://www.kumoh.ac.kr/ko/sub06_01_01_01.do?mode=view&articleNo=419866&article.offset=0&articleLimit=500
439,5396,[수업],[교육부] 2022-2학기 원격교육 만족도조사 안내,2022-12-13,https://www.kumoh.ac.kr/ko/sub06_01_01_01.do?mode=view&articleNo=419860&article.offset=0&articleLimit=500
440,5395,[수업],(12/14) 2022학년도 겨울 계절수업 수강료 추가납부(2차) 안내,2022-12-12,https://www.kumoh.ac.kr/ko/sub06_01_01_01.do?mode=view&articleNo=419770&article.offset=0&articleLimit=500
441,5394,[수업],2023년 Power Engineering School Winter Camp(27기) 참가 신청 안내,2022-12-09,https://www.kumoh.ac.kr/ko/sub06_01_01_01.do?mode=view&articleNo=419670&article.offset=0&articleLimit=500
442,5393,[학적],2022학년도 전기(2023년 2월) 학사학위취득유예(졸업유예) 신청 안내,2022-12-09,https://www.kumoh.ac.kr/ko/sub06_01_01_01.do?mode=view&articleNo=419598&article.offset=0&articleLimit=500
443,5392,[학적],2022학년도 전기(2023년 2월) 조기졸업 신청 안내,2022-12-09,https://www.kumoh.ac.kr/ko/sub06_01_01_01.do?mode=view&articleNo=419595&article.offset=0&articleLimit=500
444,5391,[대학원],2022학년도 전기 대학원별 학위논문 표지 및 인준페이지 제출 안내,2022-12-08,https://www.kumoh.ac.kr/ko/sub06_01_01_01.do?mode=view&articleNo=419564&article.offset=0&articleLimit=500
445,5390,[장학],[근로] 2022-2학기 방학 중 부서별 근로장학생 모집 알림[12.8.~12.11.],2022-12-08,https://www.kumoh.ac.kr/ko/sub06_01_01_01.do?mode=view&articleNo=419469&article.offset=0&articleLimit=500
446,5389,[수업],2022학년도 겨울 계절수업 [수강료 납부 후] 수강취소 신청 안내   ,2022-12-07,https://www.kumoh.ac.kr/ko/sub06_01_01_01.do?mode=view&articleNo=419377&article.offset=0&articleLimit=500
447,5388,[수업],[12/8(목)] 2022학년도 겨울 계절수업 수강료 추가납부 안내,2022-12-06,https://www.kumoh.ac.kr/ko/sub06_01_01_01.do?mode=view&articleNo=419219&article.offset=0&articleLimit=500
448,5387,[등록],[LINC 3.0 사업단] 2023학년도 스마트공장융합전공 학생 모집(진입 모집),2022-12-05,https://www.kumoh.ac.kr/ko/sub06_01_01_01.do?mode=view&articleNo=418987&article.offset=0&articleLimit=500
449,5386,[수업],2022 겨울 계절수업 조기취업자 출석인정신청서 제출 안내,2022-12-02,https://www.kumoh.ac.kr/ko/sub06_01_01_01.do?mode=view&articleNo=418857&article.offset=0&articleLimit=500
450,5385,[수업],[12.21(수) 24시까지 반드시 참여] 2022학년도 2학기 학부(과) 강의평가 실시 안내,2022-11-29,https://www.kumoh.ac.kr/ko/sub06_01_01_01.do?mode=view&articleNo=418387&article.offset=0&articleLimit=500
451,5384,[학적],2022년 연계전공 참여 학생 추가 모집 안내(기간연장),2022-11-29,https://www.kumoh.ac.kr/ko/sub06_01_01_01.do?mode=view&articleNo=418360&article.offset=0&articleLimit=500
452,5383,[성적],2022학년도 2학기 해외어학연수 학점인정 신청 안내,2022-11-28,https://www.kumoh.ac.kr/ko/sub06_01_01_01.do?mode=view&articleNo=418226&article.offset=0&articleLimit=500
453,5382,[대학원],2022-2학기 대학원별 강의평가(2차) 시행 안내,2022-11-28,https://www.kumoh.ac.kr/ko/sub06_01_01_01.do?mode=view&articleNo=418203&article.offset=0&articleLimit=500
454,5381,[장학],2023년 1학기 농림축산식품부 대학 장학생 선발 안내,2022-11-28,https://www.kumoh.ac.kr/ko/sub06_01_01_01.do?mode=view&articleNo=418039&article.offset=0&articleLimit=500
455,5380,[수업],(12/1-12/2)2022학년도 겨울 계절수업 수강료 납부 안내,2022-11-25,https://www.kumoh.ac.kr/ko/sub06_01_01_01.do?mode=view&articleNo=417951&article.offset=0&articleLimit=500
456,5379,[장학],2022년 하반기 울산광역시 대학생 학자금대출 이자 지원 사업 안내,2022-11-24,https://www.kumoh.ac.kr/ko/sub06_01_01_01.do?mode=view&articleNo=417646&article.offset=0&articleLimit=500
457,5378,[장학],2023학년도 1학기 국가장학금 신청 안내,2022-11-22,https://www.kumoh.ac.kr/ko/sub06_01_01_01.do?mode=view&articleNo=417254&article.offset=0&articleLimit=500
458,5377,[학적],2023학년도 전공변경 허용인원(여석) 알림,2022-11-22,https://www.kumoh.ac.kr/ko/sub06_01_01_01.do?mode=view&articleNo=417233&article.offset=0&articleLimit=500
459,5376,[장학],[근로]2023학년도 1학기 1차 국가근로장학금 학생신청 안내[2022.11.24.(목)~12.29.(목)],2022-11-21,https://www.kumoh.ac.kr/ko/sub06_01_01_01.do?mode=view&articleNo=417138&article.offset=0&articleLimit=500
460,5375,[장학],2022학년도 국가근로장학금 동계방학 (교외)집중근로 희망근로지 신청 안내,2022-11-21,https://www.kumoh.ac.kr/ko/sub06_01_01_01.do?mode=view&articleNo=417037&article.offset=0&articleLimit=500
461,5374,[수업],2022-2학기 재수강 신청자 이전 취득 성적 삭제 예정 알림 ,2022-11-18,https://www.kumoh.ac.kr/ko/sub06_01_01_01.do?mode=view&articleNo=416879&article.offset=0&articleLimit=500
462,5373,[장학],2022년 2학기 선원가족 장학생 추가선발 안내,2022-11-16,https://www.kumoh.ac.kr/ko/sub06_01_01_01.do?mode=view&articleNo=416688&article.offset=0&articleLimit=500
463,5372,[수업],[진로교육] 2022년 2학기 진로교육 온라인 대체이수 신청 접수 안내,2022-11-15,https://www.kumoh.ac.kr/ko/sub06_01_01_01.do?mode=view&articleNo=416467&article.offset=0&articleLimit=500
464,5371,[수업],"2022학년도 겨울 계절수업 다른대학(제주대,강릉원주대,공주대,계명대) 수학신청 안내",2022-11-15,https://www.kumoh.ac.kr/ko/sub06_01_01_01.do?mode=view&articleNo=416451&article.offset=0&articleLimit=500
465,5370,[학적],[학적] 2022년도 연계전공 참여 학생 추가 모집 안내,2022-11-15,https://www.kumoh.ac.kr/ko/sub06_01_01_01.do?mode=view&articleNo=416436&article.offset=0&articleLimit=500
466,5369,[등록],2022학년도 2학기 등록금 분할납부4차분 등록기간 안내,2022-11-14,https://www.kumoh.ac.kr/ko/sub06_01_01_01.do?mode=view&articleNo=416376&article.offset=0&articleLimit=500
467,5368,[대학원],[계약학과 대학원]2023학년도 전기 계약학과 신입생 모집안내 및 원서접수 관련 안내,2022-11-14,https://www.kumoh.ac.kr/ko/sub06_01_01_01.do?mode=view&articleNo=416350&article.offset=0&articleLimit=500
468,5367,,[메이커빌리지]  3D프린터 활용 2급 자격증 교육(3D프린터 초기부터 심화까지 뿌리 뽑기),2022-11-14,https://www.kumoh.ac.kr/ko/sub06_01_01_01.do?mode=view&articleNo=416327&article.offset=0&articleLimit=500
469,5366,[장학],[근로] 2022-2학기 학기 중 교외 근로장학생 모집 알림[11. 15.(화) 18:00까지],2022-11-11,https://www.kumoh.ac.kr/ko/sub06_01_01_01.do?mode=view&articleNo=416107&article.offset=0&articleLimit=500
470,5365,,[메이커스페이스] 아크릴 LED 무드등 제작 교육,2022-11-10,https://www.kumoh.ac.kr/ko/sub06_01_01_01.do?mode=view&articleNo=416029&article.offset=0&articleLimit=500
471,5364,,대학혁신지원사업 학생모니터링단 1기 10월 웹진 배포,2022-11-10,https://www.kumoh.ac.kr/ko/sub06_01_01_01.do?mode=view&articleNo=415855&article.offset=0&articleLimit=500
472,5363,[수업],"2022학년도 겨울 계절수업 다른대학(한밭대, 서울과학기술대,한경대) 수학신청 안내",2022-11-09,https://www.kumoh.ac.kr/ko/sub06_01_01_01.do?mode=view&articleNo=415790&article.offset=0&articleLimit=500
473,5362,[수업],(11/21~11/22) 2022년 겨울 계절수업 개설과목 및 수강신청 안내,2022-11-08,https://www.kumoh.ac.kr/ko/sub06_01_01_01.do?mode=view&articleNo=415602&article.offset=0&articleLimit=500
474,5361,[학적],2023학년도 전과 및 전공변경 신청 안내,2022-11-08,https://www.kumoh.ac.kr/ko/sub06_01_01_01.do?mode=view&articleNo=415432&article.offset=0&articleLimit=500
475,5360,[학적],"2022학년도 2학기 추가이수과정(복수 ·부· 연계 · 융합 전공, 교직과정) 이수 포기(변경) 신청 안내",2022-11-08,https://www.kumoh.ac.kr/ko/sub06_01_01_01.do?mode=view&articleNo=415431&article.offset=0&articleLimit=500
476,5359,[장학],2022년 상반기분 통영시 대학생 학자금 이자 지원 신청 안내,2022-11-07,https://www.kumoh.ac.kr/ko/sub06_01_01_01.do?mode=view&articleNo=415338&article.offset=0&articleLimit=500
477,5358,,[전액무료 | 취업지원] SAP Korea Young Next Cloud Academy 2기 교육생 모집! (~11/14 오전 11시까지),2022-11-07,https://www.kumoh.ac.kr/ko/sub06_01_01_01.do?mode=view&articleNo=415287&article.offset=0&articleLimit=500
478,5357,,[전액무료 | 취업지원] SAP Korea Young Next Cloud Academy 2기 교육생 모집! (~11/14 오전 11시까지),2022-11-07,https://www.kumoh.ac.kr/ko/sub06_01_01_01.do?mode=view&articleNo=415286&article.offset=0&articleLimit=500
479,5356,[수업],[수정]2022-2학기 기말시험 공동시행과목(일반화학실험2 일반물리학실험2) 실시 안내,2022-11-04,https://www.kumoh.ac.kr/ko/sub06_01_01_01.do?mode=view&articleNo=415183&article.offset=0&articleLimit=500
480,5355,[장학],2022년도 영·호남 상생 유공 장학생 선발 안내,2022-11-02,https://www.kumoh.ac.kr/ko/sub06_01_01_01.do?mode=view&articleNo=414693&article.offset=0&articleLimit=500
481,5354,[대학원],2023학년도 전기 대학원별 신입생 모집안내 및 원서접수 관련 안내,2022-11-01,https://www.kumoh.ac.kr/ko/sub06_01_01_01.do?mode=view&articleNo=414632&article.offset=0&articleLimit=500
482,5353,[학적],2022-2학기 공학교육인증 변경 신청 안내 ,2022-10-31,https://www.kumoh.ac.kr/ko/sub06_01_01_01.do?mode=view&articleNo=414430&article.offset=0&articleLimit=500
483,5352,[장학],2022년 하반기 GYBM 글로벌 취업 지원 장학생 모집 안내,2022-10-27,https://www.kumoh.ac.kr/ko/sub06_01_01_01.do?mode=view&articleNo=413969&article.offset=0&articleLimit=500
484,5351,,"2022학년도 겨울 계절수업 다른대학(경북대,숙명여대,부경대,대구대,한양대) 수학신청 안내",2022-10-27,https://www.kumoh.ac.kr/ko/sub06_01_01_01.do?mode=view&articleNo=413883&article.offset=0&articleLimit=500
485,5350,[수업],2022년도 겨울계절수업 운영 알림(수강신청 11.21-11.22) ,2022-10-26,https://www.kumoh.ac.kr/ko/sub06_01_01_01.do?mode=view&articleNo=413570&article.offset=0&articleLimit=500
486,5349,[장학],[(재)세종인재평생교육진흥원] 2022년 하반기 장학생 선발계획 안내,2022-10-25,https://www.kumoh.ac.kr/ko/sub06_01_01_01.do?mode=view&articleNo=413437&article.offset=0&articleLimit=500
487,5348,[장학],2022-2학기 중소기업 취업연계 장학생 신규선발 추가서류 제출 안내,2022-10-21,https://www.kumoh.ac.kr/ko/sub06_01_01_01.do?mode=view&articleNo=412956&article.offset=0&articleLimit=500
488,5347,[수업],"2022학년도 겨울 계절수업 다른대학(충남대,안동대,순천대,창원대) 수학신청 안내",2022-10-21,https://www.kumoh.ac.kr/ko/sub06_01_01_01.do?mode=view&articleNo=412954&article.offset=0&articleLimit=500
489,5346,,글로벌관 외벽 교체공사 안내,2022-10-21,https://www.kumoh.ac.kr/ko/sub06_01_01_01.do?mode=view&articleNo=412871&article.offset=0&articleLimit=500
490,5345,[장학],2022학년도 총동창회 장학생 선발 공고,2022-10-20,https://www.kumoh.ac.kr/ko/sub06_01_01_01.do?mode=view&articleNo=412735&article.offset=0&articleLimit=500
491,5344,[대학원],2023 Spring Semester Graduate School Admission Guidelines for International Students,2022-10-20,https://www.kumoh.ac.kr/ko/sub06_01_01_01.do?mode=view&articleNo=412654&article.offset=0&articleLimit=500
492,5343,[수업],[10/24-10/26]2022년도 겨울계절수업 (학생) 개설희망 과목 수요조사 실시 안내,2022-10-20,https://www.kumoh.ac.kr/ko/sub06_01_01_01.do?mode=view&articleNo=412573&article.offset=0&articleLimit=500
493,5342,[장학],「극지연구 전문인력 양성 장학금」 제1차 신규 장학생 선발 공고,2022-10-19,https://www.kumoh.ac.kr/ko/sub06_01_01_01.do?mode=view&articleNo=412518&article.offset=0&articleLimit=500
494,5341,[장학],2022년도 하반기 강화군 대학생 등록금 지원사업 안내,2022-10-19,https://www.kumoh.ac.kr/ko/sub06_01_01_01.do?mode=view&articleNo=412515&article.offset=0&articleLimit=500
495,5340,[장학],2022년 경상북도 대학생 학자금대출 이자지원사업 안내,2022-10-19,https://www.kumoh.ac.kr/ko/sub06_01_01_01.do?mode=view&articleNo=412416&article.offset=0&articleLimit=500
496,5339,[등록],2022학년도 2학기 등록금 분할납부 3차분 등록기간 안내,2022-10-19,https://www.kumoh.ac.kr/ko/sub06_01_01_01.do?mode=view&articleNo=412327&article.offset=0&articleLimit=500
497,5338,[대학원],2022학년도 전기 대학원별 학위논문심사 신청 안내,2022-10-18,https://www.kumoh.ac.kr/ko/sub06_01_01_01.do?mode=view&articleNo=412299&article.offset=0&articleLimit=500
498,5337,[대학원],2022-2학기 대학원별 졸업종합시험 결과 발표,2022-10-17,https://www.kumoh.ac.kr/ko/sub06_01_01_01.do?mode=view&articleNo=412000&article.offset=0&articleLimit=500
499,5336,[장학],[근로]2022년 2학기 국가근로장학금 추가신청기간 안내[11.1(화)~11.7.(월)18시],2022-10-17,https://www.kumoh.ac.kr/ko/sub06_01_01_01.do?mode=view&articleNo=411982&article.offset=0&articleLimit=500
